{
  "IcoMoonType": "selection",
  "icons": [
    {
      "icon": {
        "paths": [
          "M748.8 96h-473.388c-35.346 0-64 28.654-64 64v652.375c0 35.343 28.654 64 64 64h473.388c35.343 0 64-28.657 64-64v-652.375c0-35.346-28.657-64-64-64z",
          "M211.412 420.053h601.172M330.026 338.133v-129.28M330.026 622.080v-129.28M269.652 876.375v22.4c0 7.711 3.050 15.114 8.485 20.588 5.435 5.478 12.814 8.581 20.529 8.637h52.693c7.752 0 15.185-3.077 20.666-8.561s8.561-12.913 8.561-20.664v-22.4M643.2 876.375v22.4c0 7.752 3.077 15.181 8.561 20.664 5.478 5.484 12.913 8.561 20.664 8.561h52.91c7.747 0 15.181-3.077 20.664-8.561 5.478-5.484 8.561-12.913 8.561-20.664v-22.4"
        ],
        "attrs": [
          {
            "fill": "none",
            "strokeLinejoin": "round",
            "strokeLinecap": "round",
            "strokeMiterlimit": "4",
            "strokeWidth": 66.56
          },
          {
            "fill": "none",
            "strokeLinejoin": "round",
            "strokeLinecap": "round",
            "strokeMiterlimit": "4",
            "strokeWidth": 66.56
          }
        ],
        "isMulticolor": false,
        "isMulticolor2": false,
        "grid": 0,
        "tags": [
          "arcticons_freezer"
        ],
        "colorPermutations": {
          "162440122872721255197491": [
            {
              "s": 0
            },
            {
              "s": 0
            }
          ]
        }
      },
      "attrs": [
        {
          "fill": "none",
          "strokeLinejoin": "round",
          "strokeLinecap": "round",
          "strokeMiterlimit": "4",
          "strokeWidth": 66.56
        },
        {
          "fill": "none",
          "strokeLinejoin": "round",
          "strokeLinecap": "round",
          "strokeMiterlimit": "4",
          "strokeWidth": 66.56
        }
      ],
      "properties": {
        "order": 29,
        "id": 25,
        "name": "freezer",
        "prevSize": 32
      },
      "setIdx": 0,
      "setId": 6,
      "iconIdx": 0
    },
    {
      "icon": {
        "paths": [
          "M810.665 170.666h-597.331c-47.129 0-85.334 38.205-85.334 85.333v597.336c0 47.124 38.205 85.33 85.334 85.33h597.331c47.13 0 85.335-38.205 85.335-85.33v-597.336c0-47.128-38.205-85.333-85.335-85.333z",
          "M682.665 85.334v170.667",
          "M341.338 85.334v170.667",
          "M128 426.666h768"
        ],
        "attrs": [
          {
            "fill": "none",
            "strokeLinejoin": "round",
            "strokeLinecap": "round",
            "strokeMiterlimit": "4",
            "strokeWidth": 76.80000000000001
          },
          {
            "fill": "none",
            "strokeLinejoin": "round",
            "strokeLinecap": "round",
            "strokeMiterlimit": "4",
            "strokeWidth": 76.80000000000001
          },
          {
            "fill": "none",
            "strokeLinejoin": "round",
            "strokeLinecap": "round",
            "strokeMiterlimit": "4",
            "strokeWidth": 76.80000000000001
          },
          {
            "fill": "none",
            "strokeLinejoin": "round",
            "strokeLinecap": "round",
            "strokeMiterlimit": "4",
            "strokeWidth": 76.80000000000001
          }
        ],
        "isMulticolor": false,
        "isMulticolor2": false,
        "grid": 0,
        "tags": [
          "Button"
        ],
        "colorPermutations": {
          "162440122872721255197491": [
            {
              "s": 0
            },
            {
              "s": 0
            },
            {
              "s": 0
            },
            {
              "s": 0
            }
          ]
        }
      },
      "attrs": [
        {
          "fill": "none",
          "strokeLinejoin": "round",
          "strokeLinecap": "round",
          "strokeMiterlimit": "4",
          "strokeWidth": 76.80000000000001
        },
        {
          "fill": "none",
          "strokeLinejoin": "round",
          "strokeLinecap": "round",
          "strokeMiterlimit": "4",
          "strokeWidth": 76.80000000000001
        },
        {
          "fill": "none",
          "strokeLinejoin": "round",
          "strokeLinecap": "round",
          "strokeMiterlimit": "4",
          "strokeWidth": 76.80000000000001
        },
        {
          "fill": "none",
          "strokeLinejoin": "round",
          "strokeLinecap": "round",
          "strokeMiterlimit": "4",
          "strokeWidth": 76.80000000000001
        }
      ],
      "properties": {
        "order": 30,
        "id": 24,
        "name": "calendar",
        "prevSize": 32
      },
      "setIdx": 0,
      "setId": 6,
      "iconIdx": 1
    },
    {
      "icon": {
        "paths": [
          "M58.418 193.912h277.966c2.35 0 4.557-0.894 6.223-2.52l26.703-26.052c7.762-7.571 18.079-11.741 29.056-11.741h421.491c19.628 0 37.85 9.511 48.748 25.447l50.516 73.922c7.165 10.494 7.823 23.91 1.728 35.034-6.093 11.124-17.923 18.027-30.848 18.027h-217.236v21.416h111.26c29.494 0 56.028 17.095 67.599 43.562l65.144 148.953 57.065 22.272c30.474 11.894 50.166 40.261 50.166 72.284v137.943c0 20.572-17.162 37.315-38.249 37.315h-66.399c-7.721 45.665-48.474 80.625-97.441 80.625-48.965 0-89.718-34.959-97.441-80.625h-362.957c-7.724 45.665-48.476 80.625-97.441 80.625-48.967 0-89.721-34.959-97.443-80.625h-132.629c-18.75 0-34-14.876-34-33.17v-505.702c0-31.431 26.2-56.991 58.418-56.991zM821.911 838.907c36.675 0 66.504-29.102 66.504-64.878s-29.829-64.878-66.504-64.878c-36.672 0-66.501 29.102-66.501 64.878s29.829 64.878 66.501 64.878zM672.765 758.282h51.679c0.131-0.794 0.297-1.562 0.453-2.342 0.102-0.53 0.192-1.060 0.31-1.587 0.259-1.236 0.556-2.458 0.865-3.679 0.064-0.253 0.115-0.504 0.192-0.758 0.389-1.472 0.814-2.921 1.267-4.357 0.128-0.417 0.284-0.832 0.425-1.26 0.335-1.009 0.684-2.017 1.047-3.011 0.205-0.53 0.412-1.060 0.632-1.587 0.335-0.87 0.671-1.741 1.044-2.596 0.233-0.568 0.492-1.121 0.75-1.677 0.361-0.819 0.722-1.613 1.111-2.417 0.284-0.568 0.556-1.121 0.852-1.69 0.387-0.768 0.799-1.549 1.213-2.304 0.297-0.556 0.607-1.108 0.916-1.664 0.425-0.755 0.878-1.51 1.331-2.255 0.323-0.53 0.645-1.057 0.968-1.587 0.492-0.755 0.98-1.498 1.485-2.255 0.335-0.492 0.658-0.983 0.993-1.462 0.556-0.794 1.137-1.574 1.731-2.355 0.297-0.415 0.594-0.832 0.904-1.234 0.801-1.034 1.615-2.028 2.442-3.023 0.115-0.151 0.23-0.302 0.361-0.453 0.955-1.134 1.951-2.243 2.957-3.325 0.31-0.34 0.632-0.655 0.955-0.983 0.712-0.742 1.421-1.487 2.158-2.217 0.412-0.404 0.84-0.794 1.252-1.185 0.658-0.63 1.329-1.26 2.015-1.876 0.451-0.402 0.916-0.806 1.382-1.208 0.671-0.581 1.341-1.147 2.025-1.715l1.475-1.17c0.684-0.543 1.38-1.073 2.079-1.6 0.502-0.379 1.019-0.755 1.536-1.121 0.709-0.517 1.434-1.009 2.168-1.513 0.517-0.34 1.034-0.691 1.551-1.032 0.76-0.504 1.549-0.983 2.324-1.462 0.502-0.302 1.006-0.617 1.523-0.919 0.852-0.504 1.731-0.983 2.609-1.462 0.451-0.251 0.891-0.504 1.329-0.742 1.252-0.655 2.506-1.285 3.771-1.892 0.102-0.036 0.195-0.087 0.297-0.138 1.37-0.643 2.765-1.26 4.157-1.838 0.453-0.189 0.916-0.353 1.37-0.543 0.955-0.376 1.925-0.755 2.906-1.121 0.556-0.2 1.124-0.376 1.679-0.579 0.891-0.302 1.782-0.604 2.685-0.883 0.607-0.187 1.213-0.364 1.833-0.54 0.878-0.253 1.756-0.504 2.634-0.732 0.632-0.164 1.265-0.325 1.912-0.479 0.878-0.212 1.756-0.402 2.647-0.591 0.645-0.138 1.29-0.276 1.948-0.402 0.904-0.164 1.81-0.328 2.726-0.466 0.645-0.115 1.277-0.215 1.935-0.302 0.942-0.141 1.9-0.253 2.867-0.366 0.607-0.064 1.226-0.151 1.846-0.202 1.060-0.1 2.132-0.177 3.203-0.238 0.53-0.038 1.047-0.090 1.577-0.102 1.613-0.087 3.215-0.125 4.841-0.125 1.628 0 3.228 0.038 4.844 0.125 0.53 0.013 1.044 0.064 1.574 0.102 1.073 0.061 2.145 0.138 3.203 0.238 0.62 0.051 1.239 0.138 1.846 0.202 0.97 0.113 1.925 0.225 2.867 0.366 0.66 0.087 1.293 0.187 1.938 0.302 0.916 0.138 1.82 0.302 2.724 0.466 0.658 0.125 1.306 0.264 1.951 0.402 0.891 0.189 1.769 0.379 2.647 0.591 0.645 0.154 1.277 0.315 1.91 0.479 0.878 0.228 1.756 0.479 2.634 0.732 0.622 0.177 1.229 0.353 1.836 0.54 0.904 0.279 1.795 0.581 2.685 0.883 0.556 0.202 1.124 0.379 1.679 0.579 0.98 0.366 1.948 0.745 2.906 1.121 0.451 0.189 0.916 0.353 1.367 0.543 1.395 0.579 2.79 1.196 4.157 1.838 0.105 0.051 0.195 0.102 0.297 0.138 1.267 0.607 2.519 1.236 3.771 1.892 0.44 0.238 0.878 0.492 1.331 0.742 0.878 0.479 1.756 0.957 2.609 1.462 0.517 0.302 1.019 0.617 1.523 0.919 0.776 0.479 1.562 0.957 2.324 1.462 0.517 0.34 1.032 0.691 1.549 1.032 0.737 0.504 1.459 0.996 2.171 1.513 0.515 0.366 1.032 0.742 1.536 1.121 0.696 0.527 1.395 1.057 2.079 1.6l1.472 1.17c0.684 0.568 1.357 1.134 2.028 1.715 0.466 0.402 0.929 0.806 1.382 1.208 0.684 0.617 1.354 1.247 2.015 1.876 0.412 0.392 0.837 0.781 1.252 1.185 0.735 0.73 1.446 1.475 2.156 2.217 0.323 0.328 0.645 0.643 0.957 0.983 1.006 1.083 1.999 2.191 2.957 3.325 0.128 0.151 0.243 0.302 0.361 0.453 0.827 0.996 1.638 1.989 2.44 3.023 0.31 0.402 0.607 0.819 0.904 1.234 0.594 0.781 1.175 1.562 1.731 2.355 0.335 0.479 0.658 0.97 0.996 1.462 0.502 0.758 0.993 1.5 1.485 2.255 0.323 0.53 0.645 1.057 0.968 1.587 0.453 0.745 0.904 1.5 1.331 2.255 0.31 0.556 0.62 1.108 0.916 1.664 0.412 0.755 0.827 1.536 1.213 2.304 0.297 0.568 0.568 1.121 0.852 1.69 0.387 0.804 0.748 1.597 1.111 2.417 0.256 0.556 0.515 1.108 0.748 1.677 0.374 0.855 0.712 1.725 1.047 2.596 0.218 0.527 0.425 1.057 0.632 1.587 0.361 0.993 0.709 2.002 1.044 3.011 0.143 0.428 0.297 0.842 0.428 1.26 0.451 1.436 0.878 2.885 1.265 4.357 0.077 0.253 0.131 0.504 0.195 0.758 0.31 1.221 0.607 2.442 0.865 3.679 0.115 0.527 0.207 1.057 0.31 1.587 0.154 0.781 0.323 1.549 0.451 2.342h66.373c3.295 0 5.967-2.609 5.967-5.821v-65.984h-25.18v-31.496h25.18v-40.463c0-19.072-11.725-35.965-29.868-43.044l-60.408-23.57h-228.677v210.378zM672.765 516.408h207.357l-58.186-133.042c-6.495-14.84-21.371-24.427-37.911-24.427h-111.26v157.468zM264.072 838.907c36.672 0 66.501-29.102 66.501-64.878s-29.829-64.878-66.501-64.878c-1.149 0-2.286 0.026-3.423 0.090-30.552 1.51-55.733 23.255-61.724 51.725-0.219 1.057-0.426 2.13-0.594 3.2-0.336 2.14-0.555 4.321-0.671 6.525-0.065 1.108-0.090 2.217-0.090 3.338 0 35.776 29.829 64.878 66.503 64.878zM32.282 654.981h25.18v31.496h-25.18v70.129c0 0.922 0.775 1.677 1.718 1.677h132.604c0.129-0.781 0.297-1.549 0.452-2.319 0.103-0.54 0.194-1.083 0.31-1.623 0.258-1.211 0.542-2.406 0.852-3.592 0.077-0.276 0.129-0.566 0.207-0.845 0.387-1.459 0.813-2.895 1.265-4.332 0.142-0.443 0.297-0.883 0.439-1.311 0.336-0.996 0.671-1.992 1.033-2.962 0.207-0.553 0.426-1.083 0.633-1.623 0.336-0.858 0.684-1.715 1.033-2.557 0.246-0.581 0.504-1.147 0.762-1.713 0.362-0.796 0.723-1.59 1.111-2.383 0.271-0.579 0.568-1.144 0.852-1.713 0.387-0.768 0.788-1.523 1.201-2.291 0.31-0.556 0.62-1.108 0.93-1.664 0.439-0.755 0.878-1.5 1.33-2.243 0.323-0.54 0.646-1.070 0.981-1.6 0.478-0.755 0.969-1.498 1.472-2.23 0.323-0.504 0.658-1.009 0.994-1.487 0.555-0.794 1.136-1.562 1.704-2.33 0.31-0.428 0.62-0.858 0.943-1.272 0.775-0.996 1.563-1.976 2.376-2.947 0.142-0.177 0.271-0.353 0.413-0.517 0.969-1.134 1.95-2.243 2.957-3.325 0.323-0.34 0.646-0.668 0.968-1.009 0.71-0.742 1.421-1.475 2.144-2.191 0.413-0.404 0.839-0.794 1.265-1.198 0.658-0.63 1.317-1.247 2.001-1.864 0.452-0.402 0.93-0.806 1.395-1.221 0.658-0.568 1.33-1.134 2.014-1.69 0.491-0.402 0.982-0.806 1.485-1.196 0.671-0.53 1.369-1.060 2.066-1.587 0.504-0.379 1.020-0.755 1.537-1.121 0.71-0.517 1.433-1.009 2.156-1.5 0.53-0.353 1.046-0.704 1.563-1.044 0.762-0.504 1.537-0.983 2.311-1.449 0.517-0.315 1.020-0.63 1.537-0.932 0.852-0.504 1.718-0.983 2.596-1.462 0.452-0.251 0.891-0.504 1.356-0.742 1.227-0.655 2.467-1.272 3.732-1.866 0.103-0.049 0.207-0.113 0.323-0.164 1.369-0.643 2.763-1.26 4.158-1.838 0.452-0.189 0.917-0.353 1.369-0.543 0.968-0.376 1.924-0.755 2.905-1.121 0.555-0.2 1.123-0.376 1.692-0.579 0.878-0.302 1.769-0.604 2.673-0.883 0.607-0.187 1.227-0.364 1.834-0.54 0.878-0.253 1.756-0.504 2.634-0.732 0.633-0.164 1.265-0.325 1.911-0.479 0.878-0.212 1.756-0.402 2.647-0.591 0.646-0.138 1.291-0.276 1.95-0.402 0.904-0.164 1.808-0.328 2.725-0.466 0.646-0.115 1.278-0.215 1.937-0.302 0.943-0.141 1.898-0.253 2.867-0.366 0.607-0.064 1.227-0.151 1.847-0.202 1.059-0.1 2.131-0.177 3.203-0.238 0.527-0.038 1.044-0.090 1.574-0.102 1.615-0.087 3.215-0.125 4.844-0.125 1.626 0 3.228 0.038 4.841 0.125 0.53 0.013 1.047 0.064 1.577 0.102 1.070 0.061 2.143 0.138 3.2 0.238 0.622 0.051 1.242 0.138 1.848 0.202 0.968 0.113 1.923 0.225 2.867 0.366 0.658 0.087 1.29 0.187 1.935 0.302 0.916 0.138 1.82 0.302 2.726 0.466 0.658 0.125 1.303 0.264 1.948 0.402 0.891 0.189 1.769 0.379 2.647 0.591 0.645 0.154 1.28 0.315 1.912 0.479 0.878 0.228 1.756 0.479 2.634 0.732 0.607 0.177 1.226 0.353 1.833 0.54 0.904 0.279 1.795 0.581 2.673 0.883 0.568 0.202 1.137 0.379 1.692 0.579 0.98 0.366 1.938 0.745 2.906 1.121 0.451 0.189 0.916 0.353 1.37 0.543 1.393 0.579 2.788 1.196 4.157 1.838 0.115 0.051 0.22 0.102 0.323 0.164 1.265 0.594 2.504 1.211 3.732 1.866 0.463 0.238 0.904 0.492 1.354 0.742 0.865 0.479 1.743 0.957 2.596 1.462 0.517 0.302 1.021 0.617 1.536 0.932 0.776 0.466 1.551 0.945 2.312 1.449 0.517 0.34 1.034 0.691 1.564 1.044 0.722 0.492 1.446 0.983 2.156 1.5 0.517 0.366 1.034 0.742 1.536 1.121 0.699 0.527 1.395 1.057 2.066 1.587 0.504 0.389 0.996 0.794 1.485 1.196 0.686 0.556 1.357 1.121 2.015 1.702 0.466 0.402 0.942 0.806 1.395 1.208 0.684 0.617 1.344 1.247 2.015 1.876 0.412 0.392 0.84 0.781 1.252 1.185 0.724 0.717 1.446 1.462 2.158 2.204 0.31 0.328 0.645 0.655 0.955 0.996 1.006 1.083 1.989 2.191 2.957 3.325 0.128 0.164 0.259 0.328 0.387 0.479 0.814 0.983 1.628 1.976 2.401 2.998 0.325 0.402 0.622 0.819 0.932 1.234 0.581 0.781 1.162 1.562 1.718 2.355 0.335 0.479 0.658 0.983 0.993 1.475 0.504 0.745 0.993 1.487 1.472 2.243 0.335 0.53 0.658 1.057 0.98 1.587 0.453 0.745 0.904 1.5 1.331 2.255 0.31 0.556 0.62 1.108 0.916 1.664 0.425 0.755 0.827 1.536 1.226 2.304 0.284 0.568 0.556 1.121 0.84 1.69 0.387 0.804 0.75 1.61 1.111 2.417 0.259 0.556 0.517 1.108 0.748 1.677 0.376 0.855 0.712 1.725 1.060 2.596 0.207 0.527 0.412 1.057 0.62 1.587 0.374 1.006 0.712 2.015 1.047 3.034 0.141 0.417 0.297 0.819 0.425 1.236 0.453 1.436 0.878 2.898 1.28 4.357 0.051 0.228 0.102 0.466 0.154 0.694 0.323 1.247 0.62 2.493 0.891 3.753 0.118 0.504 0.207 1.021 0.297 1.539 0.156 0.794 0.323 1.574 0.466 2.381h278.945v-467.999c0-8.692 7.232-15.747 16.141-15.747h233.377c0.399 0 1.628 0 2.388-1.398 0.763-1.386 0.090-2.381-0.141-2.696l-50.504-73.922c-4.895-7.155-13.069-11.426-21.888-11.426h-421.491c-2.35 0-4.559 0.894-6.226 2.52l-26.703 26.052c-7.759 7.571-18.079 11.741-29.053 11.741h-277.966c-14.411 0-26.136 11.439-26.136 25.497v404.078z",
          "M450.593 314.831h102.103c20.623 0 37.409 16.364 37.409 36.495v337.022c0 8.691-7.229 15.747-16.141 15.747h-144.625c-8.911 0-16.141-7.055-16.141-15.747v-337.022c-0.013-20.131 16.76-36.495 37.394-36.495zM445.468 672.602h112.343v-185.185h-112.343v185.185zM445.468 455.923h112.343v-104.597c0-2.759-2.299-5.001-5.128-5.001h-102.103c-2.826 0-5.125 2.243-5.125 5.001l0.013 104.597z"
        ],
        "attrs": [
          {},
          {}
        ],
        "isMulticolor": false,
        "isMulticolor2": false,
        "grid": 0,
        "tags": [
          "Button-1"
        ],
        "colorPermutations": {
          "162440122872721255197491": [
            {},
            {}
          ]
        }
      },
      "attrs": [
        {},
        {}
      ],
      "properties": {
        "order": 31,
        "id": 23,
        "name": "van-integrated",
        "prevSize": 32
      },
      "setIdx": 0,
      "setId": 6,
      "iconIdx": 2
    },
    {
      "icon": {
        "paths": [
          "M58.418 193.912h277.966c2.35 0 4.557-0.894 6.223-2.52l26.703-26.052c7.762-7.571 18.079-11.741 29.056-11.741h421.491c19.628 0 37.85 9.511 48.748 25.447l50.516 73.922c7.165 10.494 7.823 23.91 1.728 35.034-6.093 11.124-17.923 18.027-30.848 18.027h-217.236v21.416h111.26c29.494 0 56.028 17.095 67.599 43.562l65.144 148.953 57.065 22.272c30.474 11.894 50.166 40.261 50.166 72.284v137.943c0 20.572-17.162 37.315-38.249 37.315h-66.399c-7.721 45.665-48.474 80.625-97.441 80.625-48.965 0-89.718-34.959-97.441-80.625h-362.957c-7.724 45.665-48.476 80.625-97.441 80.625-48.967 0-89.721-34.959-97.443-80.625h-132.629c-18.75 0-34-14.876-34-33.17v-505.702c0-31.431 26.2-56.991 58.418-56.991zM821.911 838.907c36.675 0 66.504-29.102 66.504-64.878s-29.829-64.878-66.504-64.878c-36.672 0-66.501 29.102-66.501 64.878s29.829 64.878 66.501 64.878zM672.765 758.282h51.679c0.131-0.794 0.297-1.562 0.453-2.342 0.102-0.53 0.192-1.060 0.31-1.587 0.259-1.236 0.556-2.458 0.865-3.679 0.064-0.253 0.115-0.504 0.192-0.758 0.389-1.472 0.814-2.921 1.267-4.357 0.128-0.417 0.284-0.832 0.425-1.26 0.335-1.009 0.684-2.017 1.047-3.011 0.205-0.53 0.412-1.060 0.632-1.587 0.335-0.87 0.671-1.741 1.044-2.596 0.233-0.568 0.492-1.121 0.75-1.677 0.361-0.819 0.722-1.613 1.111-2.417 0.284-0.568 0.556-1.121 0.852-1.69 0.387-0.768 0.799-1.549 1.213-2.304 0.297-0.556 0.607-1.108 0.916-1.664 0.425-0.755 0.878-1.51 1.331-2.255 0.323-0.53 0.645-1.057 0.968-1.587 0.492-0.755 0.98-1.498 1.485-2.255 0.335-0.492 0.658-0.983 0.993-1.462 0.556-0.794 1.137-1.574 1.731-2.355 0.297-0.415 0.594-0.832 0.904-1.234 0.801-1.034 1.615-2.028 2.442-3.023 0.115-0.151 0.23-0.302 0.361-0.453 0.955-1.134 1.951-2.243 2.957-3.325 0.31-0.34 0.632-0.655 0.955-0.983 0.712-0.742 1.421-1.487 2.158-2.217 0.412-0.404 0.84-0.794 1.252-1.185 0.658-0.63 1.329-1.26 2.015-1.876 0.451-0.402 0.916-0.806 1.382-1.208 0.671-0.581 1.341-1.147 2.025-1.715l1.475-1.17c0.684-0.543 1.38-1.073 2.079-1.6 0.502-0.379 1.019-0.755 1.536-1.121 0.709-0.517 1.434-1.009 2.168-1.513 0.517-0.34 1.034-0.691 1.551-1.032 0.76-0.504 1.549-0.983 2.324-1.462 0.502-0.302 1.006-0.617 1.523-0.919 0.852-0.504 1.731-0.983 2.609-1.462 0.451-0.251 0.891-0.504 1.329-0.742 1.252-0.655 2.506-1.285 3.771-1.892 0.102-0.036 0.195-0.087 0.297-0.138 1.37-0.643 2.765-1.26 4.157-1.838 0.453-0.189 0.916-0.353 1.37-0.543 0.955-0.376 1.925-0.755 2.906-1.121 0.556-0.2 1.124-0.376 1.679-0.579 0.891-0.302 1.782-0.604 2.685-0.883 0.607-0.187 1.213-0.364 1.833-0.54 0.878-0.253 1.756-0.504 2.634-0.732 0.632-0.164 1.265-0.325 1.912-0.479 0.878-0.212 1.756-0.402 2.647-0.591 0.645-0.138 1.29-0.276 1.948-0.402 0.904-0.164 1.81-0.328 2.726-0.466 0.645-0.115 1.277-0.215 1.935-0.302 0.942-0.141 1.9-0.253 2.867-0.366 0.607-0.064 1.226-0.151 1.846-0.202 1.060-0.1 2.132-0.177 3.203-0.238 0.53-0.038 1.047-0.090 1.577-0.102 1.613-0.087 3.215-0.125 4.841-0.125 1.628 0 3.228 0.038 4.844 0.125 0.53 0.013 1.044 0.064 1.574 0.102 1.073 0.061 2.145 0.138 3.203 0.238 0.62 0.051 1.239 0.138 1.846 0.202 0.97 0.113 1.925 0.225 2.867 0.366 0.66 0.087 1.293 0.187 1.938 0.302 0.916 0.138 1.82 0.302 2.724 0.466 0.658 0.125 1.306 0.264 1.951 0.402 0.891 0.189 1.769 0.379 2.647 0.591 0.645 0.154 1.277 0.315 1.91 0.479 0.878 0.228 1.756 0.479 2.634 0.732 0.622 0.177 1.229 0.353 1.836 0.54 0.904 0.279 1.795 0.581 2.685 0.883 0.556 0.202 1.124 0.379 1.679 0.579 0.98 0.366 1.948 0.745 2.906 1.121 0.451 0.189 0.916 0.353 1.367 0.543 1.395 0.579 2.79 1.196 4.157 1.838 0.105 0.051 0.195 0.102 0.297 0.138 1.267 0.607 2.519 1.236 3.771 1.892 0.44 0.238 0.878 0.492 1.331 0.742 0.878 0.479 1.756 0.957 2.609 1.462 0.517 0.302 1.019 0.617 1.523 0.919 0.776 0.479 1.562 0.957 2.324 1.462 0.517 0.34 1.032 0.691 1.549 1.032 0.737 0.504 1.459 0.996 2.171 1.513 0.515 0.366 1.032 0.742 1.536 1.121 0.696 0.527 1.395 1.057 2.079 1.6l1.472 1.17c0.684 0.568 1.357 1.134 2.028 1.715 0.466 0.402 0.929 0.806 1.382 1.208 0.684 0.617 1.354 1.247 2.015 1.876 0.412 0.392 0.837 0.781 1.252 1.185 0.735 0.73 1.446 1.475 2.156 2.217 0.323 0.328 0.645 0.643 0.957 0.983 1.006 1.083 1.999 2.191 2.957 3.325 0.128 0.151 0.243 0.302 0.361 0.453 0.827 0.996 1.638 1.989 2.44 3.023 0.31 0.402 0.607 0.819 0.904 1.234 0.594 0.781 1.175 1.562 1.731 2.355 0.335 0.479 0.658 0.97 0.996 1.462 0.502 0.758 0.993 1.5 1.485 2.255 0.323 0.53 0.645 1.057 0.968 1.587 0.453 0.745 0.904 1.5 1.331 2.255 0.31 0.556 0.62 1.108 0.916 1.664 0.412 0.755 0.827 1.536 1.213 2.304 0.297 0.568 0.568 1.121 0.852 1.69 0.387 0.804 0.748 1.597 1.111 2.417 0.256 0.556 0.515 1.108 0.748 1.677 0.374 0.855 0.712 1.725 1.047 2.596 0.218 0.527 0.425 1.057 0.632 1.587 0.361 0.993 0.709 2.002 1.044 3.011 0.143 0.428 0.297 0.842 0.428 1.26 0.451 1.436 0.878 2.885 1.265 4.357 0.077 0.253 0.131 0.504 0.195 0.758 0.31 1.221 0.607 2.442 0.865 3.679 0.115 0.527 0.207 1.057 0.31 1.587 0.154 0.781 0.323 1.549 0.451 2.342h66.373c3.295 0 5.967-2.609 5.967-5.821v-65.984h-25.18v-31.496h25.18v-40.463c0-19.072-11.725-35.965-29.868-43.044l-60.408-23.57h-228.677v210.378zM672.765 516.408h207.357l-58.186-133.042c-6.495-14.84-21.371-24.427-37.911-24.427h-111.26v157.468zM264.072 838.907c36.672 0 66.501-29.102 66.501-64.878s-29.829-64.878-66.501-64.878c-1.149 0-2.286 0.026-3.423 0.090-30.552 1.51-55.733 23.255-61.724 51.725-0.219 1.057-0.426 2.13-0.594 3.2-0.336 2.14-0.555 4.321-0.671 6.525-0.065 1.108-0.090 2.217-0.090 3.338 0 35.776 29.829 64.878 66.503 64.878zM32.282 654.981h25.18v31.496h-25.18v70.129c0 0.922 0.775 1.677 1.718 1.677h132.604c0.129-0.781 0.297-1.549 0.452-2.319 0.103-0.54 0.194-1.083 0.31-1.623 0.258-1.211 0.542-2.406 0.852-3.592 0.077-0.276 0.129-0.566 0.207-0.845 0.387-1.459 0.813-2.895 1.265-4.332 0.142-0.443 0.297-0.883 0.439-1.311 0.336-0.996 0.671-1.992 1.033-2.962 0.207-0.553 0.426-1.083 0.633-1.623 0.336-0.858 0.684-1.715 1.033-2.557 0.246-0.581 0.504-1.147 0.762-1.713 0.362-0.796 0.723-1.59 1.111-2.383 0.271-0.579 0.568-1.144 0.852-1.713 0.387-0.768 0.788-1.523 1.201-2.291 0.31-0.556 0.62-1.108 0.93-1.664 0.439-0.755 0.878-1.5 1.33-2.243 0.323-0.54 0.646-1.070 0.981-1.6 0.478-0.755 0.969-1.498 1.472-2.23 0.323-0.504 0.658-1.009 0.994-1.487 0.555-0.794 1.136-1.562 1.704-2.33 0.31-0.428 0.62-0.858 0.943-1.272 0.775-0.996 1.563-1.976 2.376-2.947 0.142-0.177 0.271-0.353 0.413-0.517 0.969-1.134 1.95-2.243 2.957-3.325 0.323-0.34 0.646-0.668 0.968-1.009 0.71-0.742 1.421-1.475 2.144-2.191 0.413-0.404 0.839-0.794 1.265-1.198 0.658-0.63 1.317-1.247 2.001-1.864 0.452-0.402 0.93-0.806 1.395-1.221 0.658-0.568 1.33-1.134 2.014-1.69 0.491-0.402 0.982-0.806 1.485-1.196 0.671-0.53 1.369-1.060 2.066-1.587 0.504-0.379 1.020-0.755 1.537-1.121 0.71-0.517 1.433-1.009 2.156-1.5 0.53-0.353 1.046-0.704 1.563-1.044 0.762-0.504 1.537-0.983 2.311-1.449 0.517-0.315 1.020-0.63 1.537-0.932 0.852-0.504 1.718-0.983 2.596-1.462 0.452-0.251 0.891-0.504 1.356-0.742 1.227-0.655 2.467-1.272 3.732-1.866 0.103-0.049 0.207-0.113 0.323-0.164 1.369-0.643 2.763-1.26 4.158-1.838 0.452-0.189 0.917-0.353 1.369-0.543 0.968-0.376 1.924-0.755 2.905-1.121 0.555-0.2 1.123-0.376 1.692-0.579 0.878-0.302 1.769-0.604 2.673-0.883 0.607-0.187 1.227-0.364 1.834-0.54 0.878-0.253 1.756-0.504 2.634-0.732 0.633-0.164 1.265-0.325 1.911-0.479 0.878-0.212 1.756-0.402 2.647-0.591 0.646-0.138 1.291-0.276 1.95-0.402 0.904-0.164 1.808-0.328 2.725-0.466 0.646-0.115 1.278-0.215 1.937-0.302 0.943-0.141 1.898-0.253 2.867-0.366 0.607-0.064 1.227-0.151 1.847-0.202 1.059-0.1 2.131-0.177 3.203-0.238 0.527-0.038 1.044-0.090 1.574-0.102 1.615-0.087 3.215-0.125 4.844-0.125 1.626 0 3.228 0.038 4.841 0.125 0.53 0.013 1.047 0.064 1.577 0.102 1.070 0.061 2.143 0.138 3.2 0.238 0.622 0.051 1.242 0.138 1.848 0.202 0.968 0.113 1.923 0.225 2.867 0.366 0.658 0.087 1.29 0.187 1.935 0.302 0.916 0.138 1.82 0.302 2.726 0.466 0.658 0.125 1.303 0.264 1.948 0.402 0.891 0.189 1.769 0.379 2.647 0.591 0.645 0.154 1.28 0.315 1.912 0.479 0.878 0.228 1.756 0.479 2.634 0.732 0.607 0.177 1.226 0.353 1.833 0.54 0.904 0.279 1.795 0.581 2.673 0.883 0.568 0.202 1.137 0.379 1.692 0.579 0.98 0.366 1.938 0.745 2.906 1.121 0.451 0.189 0.916 0.353 1.37 0.543 1.393 0.579 2.788 1.196 4.157 1.838 0.115 0.051 0.22 0.102 0.323 0.164 1.265 0.594 2.504 1.211 3.732 1.866 0.463 0.238 0.904 0.492 1.354 0.742 0.865 0.479 1.743 0.957 2.596 1.462 0.517 0.302 1.021 0.617 1.536 0.932 0.776 0.466 1.551 0.945 2.312 1.449 0.517 0.34 1.034 0.691 1.564 1.044 0.722 0.492 1.446 0.983 2.156 1.5 0.517 0.366 1.034 0.742 1.536 1.121 0.699 0.527 1.395 1.057 2.066 1.587 0.504 0.389 0.996 0.794 1.485 1.196 0.686 0.556 1.357 1.121 2.015 1.702 0.466 0.402 0.942 0.806 1.395 1.208 0.684 0.617 1.344 1.247 2.015 1.876 0.412 0.392 0.84 0.781 1.252 1.185 0.724 0.717 1.446 1.462 2.158 2.204 0.31 0.328 0.645 0.655 0.955 0.996 1.006 1.083 1.989 2.191 2.957 3.325 0.128 0.164 0.259 0.328 0.387 0.479 0.814 0.983 1.628 1.976 2.401 2.998 0.325 0.402 0.622 0.819 0.932 1.234 0.581 0.781 1.162 1.562 1.718 2.355 0.335 0.479 0.658 0.983 0.993 1.475 0.504 0.745 0.993 1.487 1.472 2.243 0.335 0.53 0.658 1.057 0.98 1.587 0.453 0.745 0.904 1.5 1.331 2.255 0.31 0.556 0.62 1.108 0.916 1.664 0.425 0.755 0.827 1.536 1.226 2.304 0.284 0.568 0.556 1.121 0.84 1.69 0.387 0.804 0.75 1.61 1.111 2.417 0.259 0.556 0.517 1.108 0.748 1.677 0.376 0.855 0.712 1.725 1.060 2.596 0.207 0.527 0.412 1.057 0.62 1.587 0.374 1.006 0.712 2.015 1.047 3.034 0.141 0.417 0.297 0.819 0.425 1.236 0.453 1.436 0.878 2.898 1.28 4.357 0.051 0.228 0.102 0.466 0.154 0.694 0.323 1.247 0.62 2.493 0.891 3.753 0.118 0.504 0.207 1.021 0.297 1.539 0.156 0.794 0.323 1.574 0.466 2.381h278.945v-467.999c0-8.692 7.232-15.747 16.141-15.747h233.377c0.399 0 1.628 0 2.388-1.398 0.763-1.386 0.090-2.381-0.141-2.696l-50.504-73.922c-4.895-7.155-13.069-11.426-21.888-11.426h-421.491c-2.35 0-4.559 0.894-6.226 2.52l-26.703 26.052c-7.759 7.571-18.079 11.741-29.053 11.741h-277.966c-14.411 0-26.136 11.439-26.136 25.497v404.078z",
          "M123.999 314.831h197.439c22.817 0 41.388 18.115 41.388 40.375v91.849c0 22.259-18.57 40.374-41.388 40.374h-197.453c-22.817 0-41.386-18.115-41.386-40.374v-91.849c0.013-22.26 18.582-40.375 41.399-40.375zM114.896 447.043c0 4.887 4.080 8.881 9.104 8.881h197.439c5.023 0 9.103-3.981 9.103-8.881v-91.849c0-4.888-4.081-8.881-9.103-8.881h-197.453c-5.023 0-9.104 3.981-9.104 8.881l0.013 91.849z"
        ],
        "attrs": [
          {},
          {}
        ],
        "isMulticolor": false,
        "isMulticolor2": false,
        "grid": 0,
        "tags": [
          "Button-2"
        ],
        "colorPermutations": {
          "162440122872721255197491": [
            {},
            {}
          ]
        }
      },
      "attrs": [
        {},
        {}
      ],
      "properties": {
        "order": 32,
        "id": 22,
        "name": "van",
        "prevSize": 32
      },
      "setIdx": 0,
      "setId": 6,
      "iconIdx": 3
    },
    {
      "icon": {
        "paths": [
          "M58.418 193.912h277.966c2.35 0 4.557-0.894 6.223-2.52l26.703-26.052c7.762-7.571 18.079-11.741 29.056-11.741h421.491c19.628 0 37.85 9.511 48.748 25.447l50.516 73.922c7.165 10.494 7.823 23.91 1.728 35.034-6.093 11.124-17.923 18.027-30.848 18.027h-217.236v21.416h111.26c29.494 0 56.028 17.095 67.599 43.562l65.144 148.953 57.065 22.272c30.474 11.894 50.166 40.261 50.166 72.284v137.943c0 20.572-17.162 37.315-38.249 37.315h-66.399c-7.721 45.665-48.474 80.625-97.441 80.625-48.965 0-89.718-34.959-97.441-80.625h-362.957c-7.724 45.665-48.476 80.625-97.441 80.625-48.967 0-89.721-34.959-97.443-80.625h-132.629c-18.75 0-34-14.876-34-33.17v-505.702c0-31.431 26.2-56.991 58.418-56.991zM821.911 838.907c36.675 0 66.504-29.102 66.504-64.878s-29.829-64.878-66.504-64.878c-36.672 0-66.501 29.102-66.501 64.878s29.829 64.878 66.501 64.878zM672.765 758.282h51.679c0.131-0.794 0.297-1.562 0.453-2.342 0.102-0.53 0.192-1.060 0.31-1.587 0.259-1.236 0.556-2.458 0.865-3.679 0.064-0.253 0.115-0.504 0.192-0.758 0.389-1.472 0.814-2.921 1.267-4.357 0.128-0.417 0.284-0.832 0.425-1.26 0.335-1.009 0.684-2.017 1.047-3.011 0.205-0.53 0.412-1.060 0.632-1.587 0.335-0.87 0.671-1.741 1.044-2.596 0.233-0.568 0.492-1.121 0.75-1.677 0.361-0.819 0.722-1.613 1.111-2.417 0.284-0.568 0.556-1.121 0.852-1.69 0.387-0.768 0.799-1.549 1.213-2.304 0.297-0.556 0.607-1.108 0.916-1.664 0.425-0.755 0.878-1.51 1.331-2.255 0.323-0.53 0.645-1.057 0.968-1.587 0.492-0.755 0.98-1.498 1.485-2.255 0.335-0.492 0.658-0.983 0.993-1.462 0.556-0.794 1.137-1.574 1.731-2.355 0.297-0.415 0.594-0.832 0.904-1.234 0.801-1.034 1.615-2.028 2.442-3.023 0.115-0.151 0.23-0.302 0.361-0.453 0.955-1.134 1.951-2.243 2.957-3.325 0.31-0.34 0.632-0.655 0.955-0.983 0.712-0.742 1.421-1.487 2.158-2.217 0.412-0.404 0.84-0.794 1.252-1.185 0.658-0.63 1.329-1.26 2.015-1.876 0.451-0.402 0.916-0.806 1.382-1.208 0.671-0.581 1.341-1.147 2.025-1.715l1.475-1.17c0.684-0.543 1.38-1.073 2.079-1.6 0.502-0.379 1.019-0.755 1.536-1.121 0.709-0.517 1.434-1.009 2.168-1.513 0.517-0.34 1.034-0.691 1.551-1.032 0.76-0.504 1.549-0.983 2.324-1.462 0.502-0.302 1.006-0.617 1.523-0.919 0.852-0.504 1.731-0.983 2.609-1.462 0.451-0.251 0.891-0.504 1.329-0.742 1.252-0.655 2.506-1.285 3.771-1.892 0.102-0.036 0.195-0.087 0.297-0.138 1.37-0.643 2.765-1.26 4.157-1.838 0.453-0.189 0.916-0.353 1.37-0.543 0.955-0.376 1.925-0.755 2.906-1.121 0.556-0.2 1.124-0.376 1.679-0.579 0.891-0.302 1.782-0.604 2.685-0.883 0.607-0.187 1.213-0.364 1.833-0.54 0.878-0.253 1.756-0.504 2.634-0.732 0.632-0.164 1.265-0.325 1.912-0.479 0.878-0.212 1.756-0.402 2.647-0.591 0.645-0.138 1.29-0.276 1.948-0.402 0.904-0.164 1.81-0.328 2.726-0.466 0.645-0.115 1.277-0.215 1.935-0.302 0.942-0.141 1.9-0.253 2.867-0.366 0.607-0.064 1.226-0.151 1.846-0.202 1.060-0.1 2.132-0.177 3.203-0.238 0.53-0.038 1.047-0.090 1.577-0.102 1.613-0.087 3.215-0.125 4.841-0.125 1.628 0 3.228 0.038 4.844 0.125 0.53 0.013 1.044 0.064 1.574 0.102 1.073 0.061 2.145 0.138 3.203 0.238 0.62 0.051 1.239 0.138 1.846 0.202 0.97 0.113 1.925 0.225 2.867 0.366 0.66 0.087 1.293 0.187 1.938 0.302 0.916 0.138 1.82 0.302 2.724 0.466 0.658 0.125 1.306 0.264 1.951 0.402 0.891 0.189 1.769 0.379 2.647 0.591 0.645 0.154 1.277 0.315 1.91 0.479 0.878 0.228 1.756 0.479 2.634 0.732 0.622 0.177 1.229 0.353 1.836 0.54 0.904 0.279 1.795 0.581 2.685 0.883 0.556 0.202 1.124 0.379 1.679 0.579 0.98 0.366 1.948 0.745 2.906 1.121 0.451 0.189 0.916 0.353 1.367 0.543 1.395 0.579 2.79 1.196 4.157 1.838 0.105 0.051 0.195 0.102 0.297 0.138 1.267 0.607 2.519 1.236 3.771 1.892 0.44 0.238 0.878 0.492 1.331 0.742 0.878 0.479 1.756 0.957 2.609 1.462 0.517 0.302 1.019 0.617 1.523 0.919 0.776 0.479 1.562 0.957 2.324 1.462 0.517 0.34 1.032 0.691 1.549 1.032 0.737 0.504 1.459 0.996 2.171 1.513 0.515 0.366 1.032 0.742 1.536 1.121 0.696 0.527 1.395 1.057 2.079 1.6l1.472 1.17c0.684 0.568 1.357 1.134 2.028 1.715 0.466 0.402 0.929 0.806 1.382 1.208 0.684 0.617 1.354 1.247 2.015 1.876 0.412 0.392 0.837 0.781 1.252 1.185 0.735 0.73 1.446 1.475 2.156 2.217 0.323 0.328 0.645 0.643 0.957 0.983 1.006 1.083 1.999 2.191 2.957 3.325 0.128 0.151 0.243 0.302 0.361 0.453 0.827 0.996 1.638 1.989 2.44 3.023 0.31 0.402 0.607 0.819 0.904 1.234 0.594 0.781 1.175 1.562 1.731 2.355 0.335 0.479 0.658 0.97 0.996 1.462 0.502 0.758 0.993 1.5 1.485 2.255 0.323 0.53 0.645 1.057 0.968 1.587 0.453 0.745 0.904 1.5 1.331 2.255 0.31 0.556 0.62 1.108 0.916 1.664 0.412 0.755 0.827 1.536 1.213 2.304 0.297 0.568 0.568 1.121 0.852 1.69 0.387 0.804 0.748 1.597 1.111 2.417 0.256 0.556 0.515 1.108 0.748 1.677 0.374 0.855 0.712 1.725 1.047 2.596 0.218 0.527 0.425 1.057 0.632 1.587 0.361 0.993 0.709 2.002 1.044 3.011 0.143 0.428 0.297 0.842 0.428 1.26 0.451 1.436 0.878 2.885 1.265 4.357 0.077 0.253 0.131 0.504 0.195 0.758 0.31 1.221 0.607 2.442 0.865 3.679 0.115 0.527 0.207 1.057 0.31 1.587 0.154 0.781 0.323 1.549 0.451 2.342h66.373c3.295 0 5.967-2.609 5.967-5.821v-65.984h-25.18v-31.496h25.18v-40.463c0-19.072-11.725-35.965-29.868-43.044l-60.408-23.57h-228.677v210.378zM672.765 516.408h207.357l-58.186-133.042c-6.495-14.84-21.371-24.427-37.911-24.427h-111.26v157.468zM264.072 838.907c36.672 0 66.501-29.102 66.501-64.878s-29.829-64.878-66.501-64.878c-1.149 0-2.286 0.026-3.423 0.090-30.552 1.51-55.733 23.255-61.724 51.725-0.219 1.057-0.426 2.13-0.594 3.2-0.336 2.14-0.555 4.321-0.671 6.525-0.065 1.108-0.090 2.217-0.090 3.338 0 35.776 29.829 64.878 66.503 64.878zM32.282 654.981h25.18v31.496h-25.18v70.129c0 0.922 0.775 1.677 1.718 1.677h132.604c0.129-0.781 0.297-1.549 0.452-2.319 0.103-0.54 0.194-1.083 0.31-1.623 0.258-1.211 0.542-2.406 0.852-3.592 0.077-0.276 0.129-0.566 0.207-0.845 0.387-1.459 0.813-2.895 1.265-4.332 0.142-0.443 0.297-0.883 0.439-1.311 0.336-0.996 0.671-1.992 1.033-2.962 0.207-0.553 0.426-1.083 0.633-1.623 0.336-0.858 0.684-1.715 1.033-2.557 0.246-0.581 0.504-1.147 0.762-1.713 0.362-0.796 0.723-1.59 1.111-2.383 0.271-0.579 0.568-1.144 0.852-1.713 0.387-0.768 0.788-1.523 1.201-2.291 0.31-0.556 0.62-1.108 0.93-1.664 0.439-0.755 0.878-1.5 1.33-2.243 0.323-0.54 0.646-1.070 0.981-1.6 0.478-0.755 0.969-1.498 1.472-2.23 0.323-0.504 0.658-1.009 0.994-1.487 0.555-0.794 1.136-1.562 1.704-2.33 0.31-0.428 0.62-0.858 0.943-1.272 0.775-0.996 1.563-1.976 2.376-2.947 0.142-0.177 0.271-0.353 0.413-0.517 0.969-1.134 1.95-2.243 2.957-3.325 0.323-0.34 0.646-0.668 0.968-1.009 0.71-0.742 1.421-1.475 2.144-2.191 0.413-0.404 0.839-0.794 1.265-1.198 0.658-0.63 1.317-1.247 2.001-1.864 0.452-0.402 0.93-0.806 1.395-1.221 0.658-0.568 1.33-1.134 2.014-1.69 0.491-0.402 0.982-0.806 1.485-1.196 0.671-0.53 1.369-1.060 2.066-1.587 0.504-0.379 1.020-0.755 1.537-1.121 0.71-0.517 1.433-1.009 2.156-1.5 0.53-0.353 1.046-0.704 1.563-1.044 0.762-0.504 1.537-0.983 2.311-1.449 0.517-0.315 1.020-0.63 1.537-0.932 0.852-0.504 1.718-0.983 2.596-1.462 0.452-0.251 0.891-0.504 1.356-0.742 1.227-0.655 2.467-1.272 3.732-1.866 0.103-0.049 0.207-0.113 0.323-0.164 1.369-0.643 2.763-1.26 4.158-1.838 0.452-0.189 0.917-0.353 1.369-0.543 0.968-0.376 1.924-0.755 2.905-1.121 0.555-0.2 1.123-0.376 1.692-0.579 0.878-0.302 1.769-0.604 2.673-0.883 0.607-0.187 1.227-0.364 1.834-0.54 0.878-0.253 1.756-0.504 2.634-0.732 0.633-0.164 1.265-0.325 1.911-0.479 0.878-0.212 1.756-0.402 2.647-0.591 0.646-0.138 1.291-0.276 1.95-0.402 0.904-0.164 1.808-0.328 2.725-0.466 0.646-0.115 1.278-0.215 1.937-0.302 0.943-0.141 1.898-0.253 2.867-0.366 0.607-0.064 1.227-0.151 1.847-0.202 1.059-0.1 2.131-0.177 3.203-0.238 0.527-0.038 1.044-0.090 1.574-0.102 1.615-0.087 3.215-0.125 4.844-0.125 1.626 0 3.228 0.038 4.841 0.125 0.53 0.013 1.047 0.064 1.577 0.102 1.070 0.061 2.143 0.138 3.2 0.238 0.622 0.051 1.242 0.138 1.848 0.202 0.968 0.113 1.923 0.225 2.867 0.366 0.658 0.087 1.29 0.187 1.935 0.302 0.916 0.138 1.82 0.302 2.726 0.466 0.658 0.125 1.303 0.264 1.948 0.402 0.891 0.189 1.769 0.379 2.647 0.591 0.645 0.154 1.28 0.315 1.912 0.479 0.878 0.228 1.756 0.479 2.634 0.732 0.607 0.177 1.226 0.353 1.833 0.54 0.904 0.279 1.795 0.581 2.673 0.883 0.568 0.202 1.137 0.379 1.692 0.579 0.98 0.366 1.938 0.745 2.906 1.121 0.451 0.189 0.916 0.353 1.37 0.543 1.393 0.579 2.788 1.196 4.157 1.838 0.115 0.051 0.22 0.102 0.323 0.164 1.265 0.594 2.504 1.211 3.732 1.866 0.463 0.238 0.904 0.492 1.354 0.742 0.865 0.479 1.743 0.957 2.596 1.462 0.517 0.302 1.021 0.617 1.536 0.932 0.776 0.466 1.551 0.945 2.312 1.449 0.517 0.34 1.034 0.691 1.564 1.044 0.722 0.492 1.446 0.983 2.156 1.5 0.517 0.366 1.034 0.742 1.536 1.121 0.699 0.527 1.395 1.057 2.066 1.587 0.504 0.389 0.996 0.794 1.485 1.196 0.686 0.556 1.357 1.121 2.015 1.702 0.466 0.402 0.942 0.806 1.395 1.208 0.684 0.617 1.344 1.247 2.015 1.876 0.412 0.392 0.84 0.781 1.252 1.185 0.724 0.717 1.446 1.462 2.158 2.204 0.31 0.328 0.645 0.655 0.955 0.996 1.006 1.083 1.989 2.191 2.957 3.325 0.128 0.164 0.259 0.328 0.387 0.479 0.814 0.983 1.628 1.976 2.401 2.998 0.325 0.402 0.622 0.819 0.932 1.234 0.581 0.781 1.162 1.562 1.718 2.355 0.335 0.479 0.658 0.983 0.993 1.475 0.504 0.745 0.993 1.487 1.472 2.243 0.335 0.53 0.658 1.057 0.98 1.587 0.453 0.745 0.904 1.5 1.331 2.255 0.31 0.556 0.62 1.108 0.916 1.664 0.425 0.755 0.827 1.536 1.226 2.304 0.284 0.568 0.556 1.121 0.84 1.69 0.387 0.804 0.75 1.61 1.111 2.417 0.259 0.556 0.517 1.108 0.748 1.677 0.376 0.855 0.712 1.725 1.060 2.596 0.207 0.527 0.412 1.057 0.62 1.587 0.374 1.006 0.712 2.015 1.047 3.034 0.141 0.417 0.297 0.819 0.425 1.236 0.453 1.436 0.878 2.898 1.28 4.357 0.051 0.228 0.102 0.466 0.154 0.694 0.323 1.247 0.62 2.493 0.891 3.753 0.118 0.504 0.207 1.021 0.297 1.539 0.156 0.794 0.323 1.574 0.466 2.381h278.945v-467.999c0-8.692 7.232-15.747 16.141-15.747h233.377c0.399 0 1.628 0 2.388-1.398 0.763-1.386 0.090-2.381-0.141-2.696l-50.504-73.922c-4.895-7.155-13.069-11.426-21.888-11.426h-421.491c-2.35 0-4.559 0.894-6.226 2.52l-26.703 26.052c-7.759 7.571-18.079 11.741-29.053 11.741h-277.966c-14.411 0-26.136 11.439-26.136 25.497v404.078z",
          "M450.593 314.831h102.103c20.623 0 37.409 16.364 37.409 36.495v337.022c0 8.691-7.229 15.747-16.141 15.747h-144.625c-8.911 0-16.141-7.055-16.141-15.747v-337.022c-0.013-20.131 16.76-36.495 37.394-36.495zM445.468 672.602h112.343v-185.185h-112.343v185.185zM445.468 455.923h112.343v-104.597c0-2.759-2.299-5.001-5.128-5.001h-102.103c-2.826 0-5.125 2.243-5.125 5.001v104.597h0.013zM123.999 314.831h197.44c22.817 0 41.385 18.115 41.385 40.375v91.849c0 22.259-18.568 40.374-41.385 40.374h-197.453c-22.817 0-41.386-18.115-41.386-40.374v-91.849c0.013-22.26 18.582-40.375 41.399-40.375zM114.895 447.043c0 4.887 4.080 8.881 9.104 8.881h197.44c5.023 0 9.103-3.981 9.103-8.881v-91.849c0-4.888-4.081-8.881-9.103-8.881h-197.453c-5.023 0-9.104 3.981-9.104 8.881v91.849h0.013z"
        ],
        "attrs": [
          {},
          {}
        ],
        "isMulticolor": false,
        "isMulticolor2": false,
        "grid": 0,
        "tags": [
          "camper"
        ],
        "colorPermutations": {
          "162440122872721255197491": [
            {},
            {}
          ]
        }
      },
      "attrs": [
        {},
        {}
      ],
      "properties": {
        "order": 33,
        "id": 21,
        "name": "van-alcove",
        "prevSize": 32
      },
      "setIdx": 0,
      "setId": 6,
      "iconIdx": 4
    },
    {
      "icon": {
        "paths": [
          "M725.335 469.334h64c16.973 0 33.249-6.743 45.256-18.745 12.001-12.002 18.744-28.281 18.744-45.255s-6.743-33.253-18.744-45.255c-12.006-12.002-28.283-18.745-45.256-18.745h-64v213.331M725.335 725.335v170.665h42.665c22.63 0 44.339-8.991 60.339-24.996 16.005-16 24.996-37.704 24.996-60.339 0-22.63-8.991-44.334-24.996-60.339-16-16-37.709-24.991-60.339-24.991h-42.665zM128 213.334c0 22.631 8.99 44.337 24.994 60.34s37.708 24.993 60.34 24.993c22.631 0 44.337-8.99 60.34-24.993s24.993-37.708 24.993-60.34c0-22.632-8.99-44.337-24.993-60.34s-37.708-24.994-60.34-24.994c-22.632 0-44.337 8.99-60.34 24.994s-24.994 37.708-24.994 60.34z",
          "M213.338 298.666v128c0 11.316 4.495 22.168 12.497 30.17s18.854 12.497 30.17 12.497h128M384.004 469.333v298.667c0 11.315 4.495 22.17 12.497 30.172 8.002 7.997 18.854 12.493 30.17 12.493h127.999M384.004 469.333h170.666"
        ],
        "attrs": [
          {
            "fill": "none",
            "strokeLinejoin": "round",
            "strokeLinecap": "round",
            "strokeMiterlimit": "4",
            "strokeWidth": 76.80000000000001
          },
          {
            "fill": "none",
            "strokeLinejoin": "round",
            "strokeLinecap": "round",
            "strokeMiterlimit": "4",
            "strokeWidth": 76.80000000000001
          }
        ],
        "isMulticolor": false,
        "isMulticolor2": false,
        "grid": 0,
        "tags": [
          "Container"
        ],
        "colorPermutations": {
          "162440122872721255197491": [
            {
              "s": 0
            },
            {
              "s": 0
            }
          ]
        }
      },
      "attrs": [
        {
          "fill": "none",
          "strokeLinejoin": "round",
          "strokeLinecap": "round",
          "strokeMiterlimit": "4",
          "strokeWidth": 76.80000000000001
        },
        {
          "fill": "none",
          "strokeLinejoin": "round",
          "strokeLinecap": "round",
          "strokeMiterlimit": "4",
          "strokeWidth": 76.80000000000001
        }
      ],
      "properties": {
        "order": 34,
        "id": 20,
        "name": "automatic",
        "prevSize": 32
      },
      "setIdx": 0,
      "setId": 6,
      "iconIdx": 5
    },
    {
      "icon": {
        "paths": [
          "M96 832v-224c0.1-33.915 13.618-66.417 37.601-90.399 23.983-23.983 56.482-37.501 90.399-37.601h576c33.915 0.1 66.417 13.618 90.399 37.601 23.982 23.982 37.499 56.484 37.601 90.399v224M768 480h-576v-208c0.063-21.198 8.512-41.509 23.501-56.499s35.301-23.438 56.499-23.501h480c21.197 0.063 41.508 8.512 56.499 23.501 14.986 14.989 23.439 35.301 23.501 56.499v208h-64z",
          "M96 832v-16c0.037-12.718 5.106-24.909 14.099-33.9 8.994-8.996 21.181-14.065 33.901-14.1h736c12.718 0.036 24.909 5.105 33.9 14.1 8.996 8.991 14.065 21.181 14.1 33.9v16M224 480v-32c0.048-16.959 6.806-33.21 18.798-45.202s28.243-18.75 45.202-18.798h160c16.959 0.048 33.21 6.806 45.202 18.798s18.75 28.243 18.798 45.202M512 448v32M512 448c0.046-16.959 6.804-33.21 18.796-45.202 11.996-11.992 28.247-18.75 45.204-18.798h160c16.957 0.048 33.208 6.806 45.204 18.798 11.991 11.992 18.749 28.243 18.796 45.202v32"
        ],
        "attrs": [
          {
            "fill": "none",
            "strokeLinejoin": "round",
            "strokeLinecap": "round",
            "strokeMiterlimit": "4",
            "strokeWidth": 71.67999999999999
          },
          {
            "fill": "none",
            "strokeLinejoin": "round",
            "strokeLinecap": "round",
            "strokeMiterlimit": "4",
            "strokeWidth": 71.67999999999999
          }
        ],
        "isMulticolor": false,
        "isMulticolor2": false,
        "grid": 0,
        "tags": [
          "Container-1"
        ],
        "colorPermutations": {
          "162440122872721255197491": [
            {
              "s": 0
            },
            {
              "s": 0
            }
          ]
        }
      },
      "attrs": [
        {
          "fill": "none",
          "strokeLinejoin": "round",
          "strokeLinecap": "round",
          "strokeMiterlimit": "4",
          "strokeWidth": 71.67999999999999
        },
        {
          "fill": "none",
          "strokeLinejoin": "round",
          "strokeLinecap": "round",
          "strokeMiterlimit": "4",
          "strokeWidth": 71.67999999999999
        }
      ],
      "properties": {
        "order": 35,
        "id": 19,
        "name": "bed",
        "prevSize": 32
      },
      "setIdx": 0,
      "setId": 6,
      "iconIdx": 6
    },
    {
      "icon": {
        "paths": [
          "M810.67 640v-512c-205.481 196.010-214.313 354.944-213.335 512h213.335zM810.67 640v256h-42.665v-128M341.338 170.666v725.334M213.338 170.666v128c0 33.948 13.486 66.505 37.49 90.51s56.562 37.49 90.51 37.49c33.948 0 66.505-13.486 90.51-37.49s37.49-56.562 37.49-90.51v-128"
        ],
        "attrs": [
          {
            "fill": "none",
            "strokeLinejoin": "round",
            "strokeLinecap": "round",
            "strokeMiterlimit": "4",
            "strokeWidth": 76.80000000000001
          }
        ],
        "isMulticolor": false,
        "isMulticolor2": false,
        "grid": 0,
        "tags": [
          "Horizontal container"
        ],
        "colorPermutations": {
          "162440122872721255197491": [
            {
              "s": 0
            }
          ]
        }
      },
      "attrs": [
        {
          "fill": "none",
          "strokeLinejoin": "round",
          "strokeLinecap": "round",
          "strokeMiterlimit": "4",
          "strokeWidth": 76.80000000000001
        }
      ],
      "properties": {
        "order": 36,
        "id": 18,
        "name": "kitchen",
        "prevSize": 32
      },
      "setIdx": 0,
      "setId": 6,
      "iconIdx": 7
    },
    {
      "icon": {
        "paths": [
          "M512 896c212.076 0 384-171.924 384-384 0-212.078-171.924-384-384-384-212.078 0-384 171.922-384 384 0 212.076 171.922 384 384 384z",
          "M277.331 512c0-129.599 105.066-234.665 234.666-234.665",
          "M511.998 618.67c58.913 0 106.667-47.759 106.667-106.67 0-58.909-47.754-106.665-106.667-106.665-58.91 0-106.666 47.756-106.666 106.665 0 58.911 47.756 106.67 106.666 106.67z"
        ],
        "attrs": [
          {
            "fill": "none",
            "strokeLinejoin": "miter",
            "strokeLinecap": "butt",
            "strokeMiterlimit": "4",
            "strokeWidth": 76.80000000000001
          },
          {
            "fill": "none",
            "strokeLinejoin": "miter",
            "strokeLinecap": "round",
            "strokeMiterlimit": "4",
            "strokeWidth": 76.80000000000001
          },
          {
            "fill": "none",
            "strokeLinejoin": "miter",
            "strokeLinecap": "butt",
            "strokeMiterlimit": "4",
            "strokeWidth": 76.80000000000001
          }
        ],
        "isMulticolor": false,
        "isMulticolor2": false,
        "grid": 0,
        "tags": [
          "icon-park-outline_cd"
        ],
        "colorPermutations": {
          "162440122872721255197491": [
            {
              "s": 0
            },
            {
              "s": 0
            },
            {
              "s": 0
            }
          ]
        }
      },
      "attrs": [
        {
          "fill": "none",
          "strokeLinejoin": "miter",
          "strokeLinecap": "butt",
          "strokeMiterlimit": "4",
          "strokeWidth": 76.80000000000001
        },
        {
          "fill": "none",
          "strokeLinejoin": "miter",
          "strokeLinecap": "round",
          "strokeMiterlimit": "4",
          "strokeWidth": 76.80000000000001
        },
        {
          "fill": "none",
          "strokeLinejoin": "miter",
          "strokeLinecap": "butt",
          "strokeMiterlimit": "4",
          "strokeWidth": 76.80000000000001
        }
      ],
      "properties": {
        "order": 37,
        "id": 17,
        "name": "cd",
        "prevSize": 32
      },
      "setIdx": 0,
      "setId": 6,
      "iconIdx": 8
    },
    {
      "icon": {
        "paths": [
          "M383.998 213.335h512.002c11.315 0 22.164 4.495 30.167 12.496s12.498 18.854 12.498 30.17v554.669c0 11.315-4.495 22.164-12.498 30.167s-18.852 12.498-30.167 12.498h-512.002M383.998 213.335h-256c-11.316 0-22.169 4.495-30.17 12.496s-12.496 18.854-12.496 30.17v554.669c0 11.315 4.495 22.164 12.496 30.167s18.854 12.498 30.17 12.498h256M383.998 213.335v640.001",
          "M234.662 362.668v85.334M789.33 341.335l-256 362.665",
          "M277.334 576c0-23.562-19.103-42.665-42.667-42.665s-42.666 19.103-42.666 42.665c0 23.567 19.103 42.67 42.666 42.67s42.667-19.103 42.667-42.67z",
          "M277.334 704c0-23.562-19.103-42.665-42.667-42.665s-42.666 19.103-42.666 42.665c0 23.567 19.103 42.67 42.666 42.67s42.667-19.103 42.667-42.67z"
        ],
        "attrs": [
          {
            "fill": "none",
            "stroke": "rgb(16, 24, 40)",
            "strokeLinejoin": "miter",
            "strokeLinecap": "butt",
            "strokeMiterlimit": "4",
            "strokeWidth": 76.80000000000001
          },
          {
            "fill": "none",
            "stroke": "rgb(16, 24, 40)",
            "strokeLinejoin": "round",
            "strokeLinecap": "round",
            "strokeMiterlimit": "4",
            "strokeWidth": 76.80000000000001
          },
          {},
          {}
        ],
        "isMulticolor": false,
        "isMulticolor2": true,
        "grid": 0,
        "tags": [
          "icon-park-outline_hand-painted-plate"
        ],
        "colorPermutations": {
          "162440122872721255197491": [
            {
              "s": 0
            },
            {
              "s": 0
            },
            {},
            {}
          ]
        }
      },
      "attrs": [
        {
          "fill": "none",
          "stroke": "rgb(16, 24, 40)",
          "strokeLinejoin": "miter",
          "strokeLinecap": "butt",
          "strokeMiterlimit": "4",
          "strokeWidth": 76.80000000000001
        },
        {
          "fill": "none",
          "stroke": "rgb(16, 24, 40)",
          "strokeLinejoin": "round",
          "strokeLinecap": "round",
          "strokeMiterlimit": "4",
          "strokeWidth": 76.80000000000001
        },
        {},
        {}
      ],
      "properties": {
        "order": 38,
        "id": 16,
        "name": "plate",
        "prevSize": 32
      },
      "setIdx": 0,
      "setId": 6,
      "iconIdx": 9
    },
    {
      "icon": {
        "paths": [
          "M800 640c0 176.742-111.258 288-288 288-176.74 0-288-111.258-288-288 0-189.66 206.46-445.7 269.78-519.76 2.253-2.631 5.049-4.744 8.196-6.192s6.57-2.198 10.034-2.198c3.466 0 6.886 0.75 10.035 2.198 3.144 1.448 5.939 3.561 8.192 6.192 63.304 74.060 269.763 330.1 269.763 519.76z",
          "M688 656c0 38.19-15.171 74.819-42.179 101.821-27.003 27.008-63.631 42.179-101.821 42.179"
        ],
        "attrs": [
          {
            "fill": "none",
            "strokeLinejoin": "miter",
            "strokeLinecap": "butt",
            "strokeMiterlimit": "10",
            "strokeWidth": 76.80000000000001
          },
          {
            "fill": "none",
            "strokeLinejoin": "round",
            "strokeLinecap": "round",
            "strokeMiterlimit": "4",
            "strokeWidth": 76.80000000000001
          }
        ],
        "isMulticolor": false,
        "isMulticolor2": false,
        "grid": 0,
        "tags": [
          "ion_water-outline"
        ],
        "colorPermutations": {
          "162440122872721255197491": [
            {
              "s": 0
            },
            {
              "s": 0
            }
          ]
        }
      },
      "attrs": [
        {
          "fill": "none",
          "strokeLinejoin": "miter",
          "strokeLinecap": "butt",
          "strokeMiterlimit": "10",
          "strokeWidth": 76.80000000000001
        },
        {
          "fill": "none",
          "strokeLinejoin": "round",
          "strokeLinecap": "round",
          "strokeMiterlimit": "4",
          "strokeWidth": 76.80000000000001
        }
      ],
      "properties": {
        "order": 39,
        "id": 15,
        "name": "water",
        "prevSize": 32
      },
      "setIdx": 0,
      "setId": 6,
      "iconIdx": 10
    },
    {
      "icon": {
        "paths": [
          "M802.299 447.727c-11.771-14.508-26.107-27.080-39.414-39.653-34.299-29.014-73.206-49.808-105.964-80.272-76.278-70.601-93.169-187.142-44.539-276.602-48.63 11.122-91.121 36.268-127.464 63.831-132.583 100.582-184.798 278.052-122.345 430.377 2.047 4.833 4.095 9.672 4.095 15.959 0 10.639-7.678 20.311-17.916 24.177-11.774 4.838-24.059 1.935-33.786-5.801-2.923-2.284-5.356-5.074-7.166-8.223-57.846-69.15-67.060-168.282-28.155-247.587-85.489 65.765-132.072 176.986-125.417 281.922 3.071 24.177 6.143 48.358 14.845 72.535 7.167 29.015 20.988 58.030 36.345 83.656 55.286 83.661 151.012 143.621 253.905 155.709 109.55 13.056 226.777-5.801 310.73-77.368 93.676-80.271 126.438-208.901 78.321-319.155l-6.656-12.575c-10.752-22.244-39.419-60.93-39.419-60.93zM640.538 752.374c-14.331 11.607-37.878 24.182-56.31 29.015-57.334 19.343-114.666-7.736-148.452-39.649 60.917-13.542 97.262-56.095 108.014-99.133 8.699-38.687-7.68-70.6-14.336-107.837-6.144-35.784-5.12-66.248 8.704-99.615 9.723 18.376 19.963 36.751 32.251 51.258 39.414 48.356 101.356 69.635 114.668 135.401 2.043 6.769 3.067 13.537 3.067 20.792 1.536 39.654-16.891 83.174-47.606 109.768z"
        ],
        "attrs": [
          {}
        ],
        "isMulticolor": false,
        "isMulticolor2": false,
        "grid": 0,
        "tags": [
          "mdi_gas"
        ],
        "colorPermutations": {
          "162440122872721255197491": [
            {}
          ]
        }
      },
      "attrs": [
        {}
      ],
      "properties": {
        "order": 40,
        "id": 14,
        "name": "gas",
        "prevSize": 32
      },
      "setIdx": 0,
      "setId": 6,
      "iconIdx": 11
    },
    {
      "icon": {
        "paths": [
          "M768 128c62.034 0 104.617 52.694 129.28 106.026 24.361 52.907 39.168 121.942 41.17 196.651l0.215 17.322v405.335c0.005 5.75-1.152 11.438-3.405 16.732-2.248 5.289-5.545 10.071-9.687 14.054-4.147 3.988-9.052 7.091-14.428 9.134s-11.11 2.975-16.855 2.744l-5.289-0.599-121.001-20.137-121.006 20.137c-5.12 0.855-10.353 0.768-15.442-0.256l-5.038-1.321-114.516-38.185-114.518 38.185c-6.007 2.002-12.383 2.642-18.668 1.874-6.285-0.773-12.319-2.929-17.666-6.318s-9.872-7.931-13.248-13.286c-3.376-5.356-5.517-11.397-6.269-17.684l-0.298-5.074v-124.887c-22.656 23.465-51.030 39.552-85.334 39.552-62.038 0-104.618-52.695-129.28-106.025-26.198-56.96-41.386-132.654-41.386-213.975 0-81.322 15.146-157.014 41.386-213.974 23.51-50.944 63.402-101.248 120.96-105.685l8.32-0.342h512.002zM768 213.334h-393.304c3.84 6.826 7.339 13.738 10.539 20.693 26.282 56.96 41.429 132.651 41.429 213.974v346.153l71.851-23.977c8.752-2.913 18.215-2.913 26.966 0l117.975 39.337 117.545-19.625c4.608-0.768 9.385-0.768 13.993 0l78.336 13.097v-354.985c0-71.85-13.522-134.826-33.577-178.218-21.673-47.062-43.095-56.448-51.753-56.448zM255.998 213.334c-8.662 0-30.080 9.386-51.754 56.448-20.054 43.392-33.579 106.368-33.579 178.218 0 71.849 13.526 134.825 33.579 178.217 21.674 47.063 43.093 56.448 51.754 56.448s30.080-9.385 51.754-56.448c20.054-43.392 33.579-106.368 33.579-178.217 0-71.85-13.526-134.826-33.579-178.218-21.674-47.062-43.093-56.448-51.754-56.448zM255.998 362.666c23.552 0 42.666 38.187 42.666 85.334s-19.114 85.335-42.666 85.335c-23.552 0-42.666-38.189-42.666-85.335s19.114-85.334 42.666-85.334z"
        ],
        "attrs": [
          {}
        ],
        "isMulticolor": false,
        "isMulticolor2": false,
        "grid": 0,
        "tags": [
          "mingcute_toilet-paper-line"
        ],
        "colorPermutations": {
          "162440122872721255197491": [
            {}
          ]
        }
      },
      "attrs": [
        {}
      ],
      "properties": {
        "order": 41,
        "id": 13,
        "name": "wc",
        "prevSize": 32
      },
      "setIdx": 0,
      "setId": 6,
      "iconIdx": 12
    },
    {
      "icon": {
        "paths": [
          "M889.178 196.693c-21.79-21.802-47.667-39.098-76.143-50.897-28.48-11.8-59.004-17.873-89.83-17.873s-61.35 6.074-89.826 17.873c-28.48 11.8-54.353 29.095-76.147 50.897l-45.227 45.227-45.227-45.227c-44.018-44.019-103.721-68.748-165.972-68.748s-121.955 24.73-165.973 68.748c-44.019 44.019-68.748 103.721-68.748 165.973s24.73 121.955 68.748 165.974l377.172 377.173 377.173-377.173c21.803-21.794 39.1-47.667 50.897-76.147 11.802-28.476 17.873-59 17.873-89.827s-6.071-61.35-17.873-89.828c-11.797-28.478-29.094-54.353-50.897-76.145z"
        ],
        "attrs": [
          {
            "fill": "none",
            "strokeLinejoin": "round",
            "strokeLinecap": "round",
            "strokeMiterlimit": "4",
            "strokeWidth": 98.13333333333333
          }
        ],
        "isMulticolor": false,
        "isMulticolor2": false,
        "grid": 0,
        "tags": [
          "Property 1=Default"
        ],
        "colorPermutations": {
          "162440122872721255197491": [
            {
              "s": 0
            }
          ]
        }
      },
      "attrs": [
        {
          "fill": "none",
          "strokeLinejoin": "round",
          "strokeLinecap": "round",
          "strokeMiterlimit": "4",
          "strokeWidth": 98.13333333333333
        }
      ],
      "properties": {
        "order": 42,
        "id": 12,
        "name": "like",
        "prevSize": 32
      },
      "setIdx": 0,
      "setId": 6,
      "iconIdx": 13
    },
    {
      "icon": {
        "paths": [
          "M889.178 196.693c-21.79-21.802-47.667-39.098-76.143-50.897-28.48-11.8-59.004-17.873-89.83-17.873s-61.35 6.074-89.826 17.873c-28.48 11.8-54.353 29.095-76.147 50.897l-45.227 45.227-45.227-45.227c-44.018-44.019-103.721-68.748-165.972-68.748s-121.955 24.73-165.973 68.748c-44.019 44.019-68.748 103.721-68.748 165.973s24.73 121.955 68.748 165.974l377.172 377.173 377.173-377.173c21.803-21.794 39.1-47.667 50.897-76.147 11.802-28.476 17.873-59 17.873-89.827s-6.071-61.35-17.873-89.828c-11.797-28.478-29.094-54.353-50.897-76.145z"
        ],
        "attrs": [
          {
            "fill": "rgb(228, 72, 72)",
            "stroke": "rgb(228, 72, 72)",
            "strokeLinejoin": "round",
            "strokeLinecap": "round",
            "strokeMiterlimit": "4",
            "strokeWidth": 98.13333333333333
          }
        ],
        "isMulticolor": false,
        "isMulticolor2": false,
        "grid": 0,
        "tags": [
          "Property 1=pressed"
        ],
        "colorPermutations": {
          "162440122872721255197491": [
            {
              "f": 1,
              "s": 1
            }
          ]
        }
      },
      "attrs": [
        {
          "fill": "rgb(228, 72, 72)",
          "stroke": "rgb(228, 72, 72)",
          "strokeLinejoin": "round",
          "strokeLinecap": "round",
          "strokeMiterlimit": "4",
          "strokeWidth": 98.13333333333333
        }
      ],
      "properties": {
        "order": 43,
        "id": 11,
        "name": "like-red",
        "prevSize": 32
      },
      "setIdx": 0,
      "setId": 6,
      "iconIdx": 14
    },
    {
      "icon": {
        "paths": [
          "M170.664 170.667l106.667 106.667M575.997 277.333c-39.741-38.947-93.248-60.636-148.89-60.356-55.645 0.281-108.929 22.51-148.276 61.856s-61.575 92.632-61.856 148.273c-0.281 55.645 21.408 109.152 60.356 148.893M639.997 213.333l-426.666 426.667M597.331 725.334v0.426M426.666 682.666v0.429M554.666 554.666v0.429M682.666 426.666v0.429M469.331 853.334v0.426M725.331 597.334v0.426M853.331 469.334v0.426"
        ],
        "attrs": [
          {
            "fill": "none",
            "strokeLinejoin": "round",
            "strokeLinecap": "round",
            "strokeMiterlimit": "4",
            "strokeWidth": 64
          }
        ],
        "isMulticolor": false,
        "isMulticolor2": false,
        "grid": 0,
        "tags": [
          "Rating"
        ],
        "colorPermutations": {
          "162440122872721255197491": [
            {
              "s": 0
            }
          ]
        }
      },
      "attrs": [
        {
          "fill": "none",
          "strokeLinejoin": "round",
          "strokeLinecap": "round",
          "strokeMiterlimit": "4",
          "strokeWidth": 64
        }
      ],
      "properties": {
        "order": 52,
        "id": 10,
        "name": "shower",
        "prevSize": 32
      },
      "setIdx": 0,
      "setId": 6,
      "iconIdx": 15
    },
    {
      "icon": {
        "paths": [
          "M85.331 597.335c0-160.898 0-241.367 50.005-291.33 49.963-50.006 130.432-50.006 291.328-50.006h170.665c160.896 0 241.367 0 291.328 50.006 50.007 49.962 50.007 130.432 50.007 291.33 0 160.896 0 241.362-50.007 291.328-49.961 50.002-130.432 50.002-291.328 50.002h-170.665c-160.896 0-241.365 0-291.328-50.002-50.005-49.966-50.005-130.432-50.005-291.328z",
          "M213.331 469.334c0-22.632 8.99-44.337 24.993-60.34s37.708-24.994 60.34-24.994h426.665c22.636 0 44.339 8.991 60.339 24.994 16.005 16.003 24.996 37.708 24.996 60.34s-8.991 44.336-24.996 60.341c-16 16-37.704 24.991-60.339 24.991h-426.665c-22.631 0-44.337-8.991-60.34-24.991-16.003-16.005-24.993-37.709-24.993-60.341zM383.998 725.335c0 16.973-6.743 33.249-18.745 45.251-12.002 12.006-28.281 18.749-45.255 18.749s-33.252-6.743-45.255-18.749c-12.002-12.001-18.745-28.278-18.745-45.251 0-16.978 6.743-33.254 18.745-45.256s28.281-18.744 45.255-18.744c16.974 0 33.252 6.743 45.255 18.744s18.745 28.278 18.745 45.256z",
          "M640 490.668v64.003M554.665 725.335h213.335M277.331 256.001l362.669-170.666"
        ],
        "attrs": [
          {
            "fill": "none",
            "strokeLinejoin": "miter",
            "strokeLinecap": "butt",
            "strokeMiterlimit": "4",
            "strokeWidth": 66.56
          },
          {
            "fill": "none",
            "strokeLinejoin": "miter",
            "strokeLinecap": "butt",
            "strokeMiterlimit": "4",
            "strokeWidth": 66.56
          },
          {
            "fill": "none",
            "strokeLinejoin": "miter",
            "strokeLinecap": "round",
            "strokeMiterlimit": "4",
            "strokeWidth": 66.56
          }
        ],
        "isMulticolor": false,
        "isMulticolor2": false,
        "grid": 0,
        "tags": [
          "solar_radio-linear"
        ],
        "colorPermutations": {
          "162440122872721255197491": [
            {
              "s": 0
            },
            {
              "s": 0
            },
            {
              "s": 0
            }
          ]
        }
      },
      "attrs": [
        {
          "fill": "none",
          "strokeLinejoin": "miter",
          "strokeLinecap": "butt",
          "strokeMiterlimit": "4",
          "strokeWidth": 66.56
        },
        {
          "fill": "none",
          "strokeLinejoin": "miter",
          "strokeLinecap": "butt",
          "strokeMiterlimit": "4",
          "strokeWidth": 66.56
        },
        {
          "fill": "none",
          "strokeLinejoin": "miter",
          "strokeLinecap": "round",
          "strokeMiterlimit": "4",
          "strokeWidth": 66.56
        }
      ],
      "properties": {
        "order": 50,
        "id": 8,
        "name": "radio",
        "prevSize": 32
      },
      "setIdx": 0,
      "setId": 6,
      "iconIdx": 17
    },
    {
      "icon": {
        "paths": [
          "M396.813 300.61l115.187-218.319 115.187 218.319c10.187 19.307 28.756 32.796 50.26 36.518l243.232 42.084-172.038 177.014c-15.213 15.654-22.31 37.48-19.2 59.087l35.136 244.328-221.512-108.915c-19.589-9.638-42.538-9.632-62.127 0l-221.514 108.915 35.137-244.328c3.107-21.607-3.985-43.433-19.199-59.087l-172.040-177.014 243.229-42.084c21.51-3.722 40.076-17.211 50.262-36.518zM929.133 370.514v0zM248.538 864.992c0.003 0 0.006 0 0.008 0h-0.008z"
        ],
        "attrs": [
          {
            "fill": "rgb(255, 197, 49)",
            "stroke": "rgb(255, 197, 49)",
            "strokeLinejoin": "miter",
            "strokeLinecap": "butt",
            "strokeMiterlimit": "4",
            "strokeWidth": 76.8
          }
        ],
        "isMulticolor": false,
        "isMulticolor2": false,
        "grid": 0,
        "tags": [
          "star"
        ],
        "colorPermutations": {
          "162440122872721255197491": [
            {
              "f": 2,
              "s": 2
            }
          ]
        }
      },
      "attrs": [
        {
          "fill": "rgb(255, 197, 49)",
          "stroke": "rgb(255, 197, 49)",
          "strokeLinejoin": "miter",
          "strokeLinecap": "butt",
          "strokeMiterlimit": "4",
          "strokeWidth": 76.8
        }
      ],
      "properties": {
        "order": 49,
        "id": 7,
        "name": "star",
        "prevSize": 32
      },
      "setIdx": 0,
      "setId": 6,
      "iconIdx": 18
    },
    {
      "icon": {
        "paths": [
          "M914.284 36.572h-804.572c-19.399 0-38.003 7.706-51.72 21.423s-21.423 32.322-21.423 51.72v365.714c0 19.399 7.706 38.005 21.423 51.721s32.321 21.422 51.72 21.422h804.572c19.4 0 38.001-7.706 51.717-21.422 13.722-13.716 21.427-32.323 21.427-51.721v-365.714c0-19.399-7.706-38.003-21.427-51.72-13.716-13.717-32.317-21.423-51.717-21.423z",
          "M804.572 548.572v-146.286c0-19.399-7.706-38.003-21.427-51.72-13.716-13.717-32.317-21.423-51.717-21.423h-438.857c-19.399 0-38.003 7.706-51.72 21.423s-21.423 32.321-21.423 51.72v146.286M182.856 914.289h7.314c27.158 0 53.204-10.793 72.408-29.993 19.204-19.205 29.992-45.251 29.992-72.407v-80.461M841.144 914.289h-7.316c-27.156 0-53.202-10.793-72.407-29.993-19.205-19.205-29.993-45.251-29.993-72.407v-80.461M511.999 987.428v-256"
        ],
        "attrs": [
          {
            "fill": "none",
            "strokeLinejoin": "round",
            "strokeLinecap": "round",
            "strokeMiterlimit": "4",
            "strokeWidth": 76.80000000000001
          },
          {
            "fill": "none",
            "strokeLinejoin": "round",
            "strokeLinecap": "round",
            "strokeMiterlimit": "4",
            "strokeWidth": 76.80000000000001
          }
        ],
        "isMulticolor": false,
        "isMulticolor2": false,
        "grid": 0,
        "tags": [
          "streamline_hotel-air-conditioner"
        ],
        "colorPermutations": {
          "162440122872721255197491": [
            {
              "s": 0
            },
            {
              "s": 0
            }
          ]
        }
      },
      "attrs": [
        {
          "fill": "none",
          "strokeLinejoin": "round",
          "strokeLinecap": "round",
          "strokeMiterlimit": "4",
          "strokeWidth": 76.80000000000001
        },
        {
          "fill": "none",
          "strokeLinejoin": "round",
          "strokeLinecap": "round",
          "strokeMiterlimit": "4",
          "strokeWidth": 76.80000000000001
        }
      ],
      "properties": {
        "order": 48,
        "id": 6,
        "name": "conditioner",
        "prevSize": 32
      },
      "setIdx": 0,
      "setId": 6,
      "iconIdx": 19
    },
    {
      "icon": {
        "paths": [
          "M950.856 182.856h-877.715c-9.699 0-19.001 3.853-25.86 10.712s-10.712 16.161-10.712 25.86v585.144c0 9.697 3.853 19 10.712 25.856 6.859 6.861 16.161 10.716 25.86 10.716h877.715c9.697 0 19-3.855 25.861-10.716 6.856-6.856 10.711-16.159 10.711-25.856v-585.144c0-9.699-3.855-19.001-10.711-25.86-6.861-6.858-16.164-10.712-25.861-10.712z",
          "M804.572 365.712h36.572M804.572 511.998h36.572M621.711 329.141h-402.284c-9.699 0-19.001 3.853-25.86 10.712s-10.712 16.16-10.712 25.86v292.572c0 9.697 3.853 19 10.712 25.861 6.859 6.856 16.161 10.711 25.86 10.711h402.284c9.702 0 19.005-3.855 25.861-10.711 6.861-6.861 10.711-16.164 10.711-25.861v-292.572c0-9.699-3.85-19.001-10.711-25.86-6.856-6.859-16.159-10.712-25.861-10.712z"
        ],
        "attrs": [
          {
            "fill": "none",
            "strokeLinejoin": "round",
            "strokeLinecap": "round",
            "strokeMiterlimit": "4",
            "strokeWidth": 71.67999999999999
          },
          {
            "fill": "none",
            "strokeLinejoin": "round",
            "strokeLinecap": "round",
            "strokeMiterlimit": "4",
            "strokeWidth": 71.67999999999999
          }
        ],
        "isMulticolor": false,
        "isMulticolor2": false,
        "grid": 0,
        "tags": [
          "streamline_microwave"
        ],
        "colorPermutations": {
          "162440122872721255197491": [
            {
              "s": 0
            },
            {
              "s": 0
            }
          ]
        }
      },
      "attrs": [
        {
          "fill": "none",
          "strokeLinejoin": "round",
          "strokeLinecap": "round",
          "strokeMiterlimit": "4",
          "strokeWidth": 71.67999999999999
        },
        {
          "fill": "none",
          "strokeLinejoin": "round",
          "strokeLinecap": "round",
          "strokeMiterlimit": "4",
          "strokeWidth": 71.67999999999999
        }
      ],
      "properties": {
        "order": 53,
        "id": 5,
        "name": "microwave",
        "prevSize": 32
      },
      "setIdx": 0,
      "setId": 6,
      "iconIdx": 20
    },
    {
      "icon": {
        "paths": [
          "M290.133 772.265h-140.8c-8.534 0-12.8-4.265-17.066-8.53-4.267-4.27-8.534-12.8-4.267-21.335 25.6-72.535 89.6-115.2 162.134-115.2 89.6 0 162.134-76.8 162.134-166.399s-72.534-174.934-162.134-174.934c-89.6 0-162.134 76.8-162.134 170.667 0 42.666 17.067 85.331 42.667 115.201-55.467 29.865-98.134 76.8-123.734 140.8-8.533 29.865-4.267 68.265 17.066 98.13 21.334 29.87 51.2 46.935 85.334 46.935h140.8c25.6 0 42.666-17.065 42.666-42.665s-17.066-42.67-42.666-42.67zM213.333 456.534c0-46.934 34.134-81.067 76.8-81.067s76.8 38.4 76.8 81.067c0 46.933-34.134 81.066-76.8 81.066s-76.8-38.399-76.8-81.066z",
          "M977.065 686.935c-29.865-81.070-89.6-140.8-157.865-174.935 38.4-34.132 59.73-85.332 59.73-145.066 0-110.933-85.33-200.533-187.73-200.533s-187.735 89.6-187.735 200.533c0 55.467 21.335 106.667 59.735 145.066-68.268 34.135-128.001 93.865-157.868 174.935-21.333 38.4-12.8 81.065 8.534 115.2 21.334 34.13 59.734 51.2 98.134 51.2h354.131c38.4 0 76.8-21.335 98.135-51.2 25.6-34.135 29.865-76.8 12.8-115.2zM584.53 371.201c0-64 46.935-115.2 102.4-115.2 55.47 0 102.4 51.2 102.4 115.2s-46.93 115.2-102.4 115.2c-55.465 0-102.4-55.467-102.4-115.2zM891.73 755.2c-4.265 4.265-12.8 17.065-25.6 17.065h-354.131c-17.067 0-25.6-12.8-25.6-17.065-4.267-4.265-12.8-21.335-4.266-38.4 34.132-89.6 119.468-149.335 209.068-149.335s174.93 59.735 209.065 149.335c4.265 17.065-4.265 34.135-8.535 38.4z"
        ],
        "attrs": [
          {},
          {}
        ],
        "isMulticolor": false,
        "isMulticolor2": false,
        "grid": 0,
        "tags": [
          "Users"
        ],
        "colorPermutations": {
          "162440122872721255197491": [
            {},
            {}
          ]
        }
      },
      "attrs": [
        {},
        {}
      ],
      "properties": {
        "order": 46,
        "id": 4,
        "name": "adults",
        "prevSize": 32
      },
      "setIdx": 0,
      "setId": 6,
      "iconIdx": 21
    },
    {
      "icon": {
        "paths": [
          "M496.128 102.4c-48.036 0.011-94.585 16.401-131.735 46.385s-62.606 71.71-72.041 118.086l-3.712 18.4c-0.987 4.116-1.122 8.385-0.397 12.554s2.294 8.15 4.614 11.708c2.321 3.559 5.345 6.621 8.893 9.004s7.547 4.039 11.759 4.869c4.212 0.829 8.549 0.815 12.755-0.041s8.194-2.538 11.726-4.944c3.532-2.406 6.536-5.487 8.833-9.060s3.84-7.566 4.537-11.739l3.776-18.337c7.094-34.384 26.895-64.953 55.569-85.786s64.179-30.447 99.64-26.979c35.462 3.467 68.353 19.769 92.304 45.747 23.956 25.978 37.263 59.785 37.35 94.872 0 37.609-15.171 73.679-42.173 100.279s-63.631 41.551-101.827 41.568h-464c-8.487 0-16.626 3.32-22.627 9.228s-9.373 13.923-9.373 22.28c0 8.356 3.371 16.37 9.373 22.279s14.141 9.228 22.627 9.228h464c54.272-1.309 105.876-23.453 143.795-61.704 37.924-38.252 59.156-89.582 59.172-143.035s-21.187-104.796-59.080-143.070c-37.898-38.275-89.487-60.449-143.759-61.791zM864 385.969c-42.435 0-83.133 16.598-113.137 46.142-30.008 29.544-46.863 69.615-46.863 111.397 0 8.356 3.369 16.37 9.375 22.279 6.001 5.909 14.136 9.228 22.625 9.228s16.625-3.319 22.625-9.228c6.006-5.909 9.375-13.923 9.375-22.279 0-18.695 5.632-36.97 16.179-52.514s25.544-27.66 43.085-34.814c17.541-7.154 36.844-9.026 55.465-5.379s35.727 12.65 49.152 25.869c13.425 13.219 22.569 30.062 26.276 48.397 3.702 18.336 1.802 37.341-5.463 54.613s-19.574 32.034-35.359 42.42c-15.785 10.388-34.35 15.928-53.335 15.928h-832c-8.487 0-16.626 3.323-22.627 9.231s-9.373 13.921-9.373 22.277c0 8.356 3.371 16.374 9.373 22.282s14.141 9.226 22.627 9.226h624c21.217 0.041 41.549 8.381 56.52 23.183 14.976 14.802 23.363 34.852 23.322 55.741-0.046 20.895-8.515 40.914-23.547 55.654s-35.395 22.999-56.617 22.958c-19.108 0.015-37.612-6.636-52.219-18.77s-24.381-28.969-27.587-47.519l-0.317-1.894c-0.579-4.178-1.997-8.202-4.183-11.827-2.181-3.63-5.084-6.789-8.53-9.293s-7.373-4.301-11.535-5.284c-4.168-0.988-8.489-1.137-12.713-0.445-4.229 0.691-8.269 2.212-11.889 4.47-3.615 2.258-6.738 5.212-9.175 8.678s-4.142 7.383-5.018 11.51c-0.871 4.132-0.894 8.392-0.067 12.529l0.323 1.889c5.688 33.265 23.168 63.473 49.331 85.253s59.32 33.725 93.578 33.72c38.226 0.015 74.9-14.904 101.96-41.492 27.059-26.583 42.296-62.653 42.363-100.291 0-29.179-8.96-56.274-24.253-78.771h88.253c42.435 0 83.133-16.599 113.137-46.141 30.008-29.542 46.863-69.615 46.863-111.396s-16.855-81.852-46.863-111.397c-30.003-29.544-70.702-46.142-113.137-46.142z",
          "M496.128 102.4l6.328-255.922-3.192-0.079-3.193 0.001 0.056 256zM292.352 266.87l-250.861-51.041-0.084 0.417 250.945 50.624zM288.64 285.271l248.945 59.683 1.080-4.512 0.922-4.548-250.947-50.624zM351.36 297.622l-250.739-51.632-0.971 4.714-0.793 4.747 252.503 42.17zM355.136 279.284v0zM640 307.137h256v-0.637l-256 0.637zM496 448.985v255.998h0.112l-0.112-255.998zM0 480.493v0zM496 512v256h3.087l3.086-0.077-6.174-255.923zM768 543.508v0zM0 669.537v0zM656 701.046l0.502-255.999h-0.502v255.999zM655.677 858.583l0.507-255.999-0.686 0.001 0.179 255.998zM575.872 792.294l-252.409 42.726 0.073 0.43 0.074 0.43 252.262-43.587zM575.555 790.4l-253.612 34.903 0.54 3.922 0.66 3.901 252.412-42.726zM512.445 800.737l252.411-42.726-0.645-3.82-0.763-3.794-251.003 50.34zM512.768 802.627l-252.41 42.726 0.075 0.435 252.335-43.162zM655.677 921.6l0.113-256h-0.159l0.046 256zM800 779.817l256 0.461v-0.461h-256zM775.747 701.046v-255.999h-483.634l271.932 399.943 211.702-143.944zM496.072-153.6c-106.131 0.023-209.491 36.208-292.463 103.175l321.57 398.419c-8.673 7-18.935 10.404-28.995 10.406l-0.113-512zM203.609-50.425c-83.053 67.033-140.694 160.958-162.117 266.254l501.72 102.081c-2.55 12.546-9.277 23.018-18.033 30.084l-321.57-398.419zM41.407 216.246l-3.712 18.401 501.891 101.247 3.712-18.401-501.891-101.247zM39.694 225.588c-9.116 38.025-10.371 77.521-3.671 116.074l504.438-87.675c5.253 30.216 4.265 61.174-2.877 90.967l-497.89-119.366zM36.024 341.662c6.7 38.547 21.181 75.17 42.4 107.708l428.867-279.673c16.578 25.421 27.919 54.080 33.172 84.291l-504.438 87.675zM78.424 449.37c21.212 32.528 48.678 60.245 80.579 81.674l285.495-425.013c24.805 16.662 46.222 38.255 62.793 63.666l-428.867 279.673zM159.002 531.043c31.892 21.423 67.626 36.17 105.044 43.538l98.925-502.352c28.995 5.71 56.731 17.145 81.527 33.801l-285.495 425.013zM264.046 574.581c37.413 7.368 75.922 7.245 113.292-0.364l-102.148-501.707c28.958-5.896 58.79-5.991 87.78-0.282l-98.925 502.352zM377.338 574.218c37.374-7.609 73.016-22.587 104.773-44.219l-288.241-423.156c24.692-16.82 52.359-28.435 81.321-34.332l102.148 501.707zM482.11 529.998c31.769-21.638 59.053-49.538 80.060-82.21l-430.693-276.857c16.408-25.525 37.689-47.262 62.391-64.089l288.241 423.156zM562.171 447.789c21.007-32.683 35.246-69.406 41.692-107.997l-505.006-84.34c5.051-30.245 16.206-58.984 32.621-84.52l430.693 276.857zM602.102 349.253l3.773-18.337-501.478-103.263-3.776 18.337 501.481 103.263zM605.855 331.010c-5.929 28.747-22.287 53.33-44.677 69.597l-300.944-414.218c-79.738 57.932-135.698 143.653-155.817 241.169l501.438 103.452zM561.178 400.607c-22.282 16.189-49.243 23.288-75.744 20.697l49.821-509.57c-97.42-9.525-195.391 16.801-275.022 74.655l300.944 414.218zM485.434 421.304c-26.525-2.593-51.942-14.845-70.99-35.505l376.417-347.067c-66.954-72.615-158.157-117.47-255.606-126.999l-49.821 509.57zM414.444 385.799c-19.147-20.766-30.369-48.523-30.442-78.025l511.999-1.275c-0.251-99.675-38.088-195.045-105.139-267.767l-376.417 347.067zM384 307.137c0-31.558 12.766-61.008 34.176-82.098l359.301 364.754c75.418-74.29 118.523-175.88 118.523-282.656h-512zM418.176 225.039c21.276-20.958 49.303-32.042 77.712-32.054l0.224 511.998c104.802-0.046 206.086-41.032 281.365-115.19l-359.301-364.754zM496 192.985h-464v511.998h464v-511.998zM32 192.985c-75.112 0-147.933 29.342-202.238 82.811l359.221 364.834c-42.302 41.651-98.845 64.353-156.983 64.353v-511.998zM-170.238 275.796c-54.439 53.602-85.762 127.153-85.762 204.697h512c0 60.831-24.58 118.353-67.017 160.137l-359.221-364.834zM-256 480.493c0 77.543 31.323 151.095 85.762 204.697l359.221-364.835c42.437 41.784 67.017 99.307 67.017 160.138h-512zM-170.238 685.189c54.305 53.468 127.126 82.811 202.238 82.811v-512c58.138 0 114.681 22.703 156.983 64.354l-359.221 364.835zM32 768h464v-512h-464v512zM502.174 767.923c119.809-2.888 234.528-51.758 319.428-137.395l-363.609-360.463c9.056-9.135 20.567-13.719 31.834-13.99l12.347 511.849zM821.601 630.528c85.023-85.764 133.33-201.673 133.366-323.187l-511.999-0.16c0.005-14.607 5.843-27.856 15.024-37.117l363.609 360.463zM954.967 307.341c0.041-121.513-48.195-237.453-133.166-323.27l-363.83 360.24c-9.176-9.268-15.007-22.522-15.003-37.129l511.999 0.16zM821.801-15.929c-84.844-85.69-199.537-134.63-319.345-137.593l-12.657 511.843c-11.268-0.279-22.777-4.87-31.829-14.011l363.83-360.24zM864 129.969c-109.061 0-214.436 42.62-292.746 119.725l359.219 364.834c-18.299 18.017-42.281 27.443-66.473 27.443v-512.002zM571.254 249.694c-78.446 77.237-123.254 182.844-123.254 293.814h512c0 27.405-11.095 52.872-29.527 71.020l-359.219-364.834zM448 543.508c0 77.543 31.322 151.092 85.76 204.698l359.224-364.836c42.435 41.785 67.016 99.308 67.016 160.138h-512zM533.76 748.206c54.308 53.468 127.13 82.811 202.24 82.811v-512.002c58.138 0 114.683 22.703 156.984 64.354l-359.224 364.836zM736 831.017c75.11 0 147.932-29.343 202.24-82.811l-359.224-364.836c42.301-41.652 98.847-64.354 156.984-64.354v512.002zM938.24 748.206c54.436-53.606 85.76-127.155 85.76-204.698h-512c0-60.831 24.581-118.353 67.016-160.138l359.224 364.836zM1024 543.508c0 32.828-9.907 64.586-27.991 91.239l-423.66-287.504c-39.183 57.739-60.349 126.047-60.349 196.265h512zM996.009 634.747c-18.053 26.598-43.29 46.74-72.069 58.476l-193.352-474.086c-63.867 26.046-119.091 70.416-158.239 128.106l423.66 287.504zM923.94 693.222c-28.749 11.725-60.155 14.73-90.414 8.806l98.406-502.455c-67.507-13.221-137.518-6.47-201.344 19.562l193.352 474.086zM833.526 702.029c-30.28-5.929-58.629-20.664-81.254-42.941l359.219-364.835c-49.475-48.715-112.036-81.454-179.558-94.679l-98.406 502.455zM752.271 659.087c-22.666-22.318-38.564-51.24-45.046-83.327l501.862-101.386c-13.891-68.759-48.077-131.364-97.597-180.122l-359.219 364.835zM707.226 575.76c-6.487-32.113-3.123-65.354 9.498-95.349l471.941 198.537c27.146-64.538 34.319-135.79 20.424-204.574l-501.862 101.386zM716.723 480.411c12.6-29.952 33.664-54.909 59.909-72.177l281.405 427.734c57.82-38.042 103.491-92.524 130.627-157.020l-471.941-198.537zM776.632 408.234c26.204-17.239 56.596-26.204 87.368-26.204v511.998c68.741 0 136.259-20.050 194.038-58.061l-281.405-427.734zM864 382.031h-832v511.998h832v-511.998zM32 382.031c-75.112 0-147.933 29.342-202.238 82.811l359.221 364.833c-42.302 41.651-98.845 64.353-156.983 64.353v-511.998zM-170.238 464.842c-54.439 53.602-85.762 127.153-85.762 204.695h512c0 60.831-24.58 118.354-67.017 160.138l-359.221-364.833zM-256 669.537c0 77.542 31.323 151.096 85.762 204.698l359.221-364.834c42.437 41.784 67.017 99.307 67.017 160.137h-512zM-170.238 874.235c54.305 53.468 127.126 82.811 202.238 82.811v-511.999c58.138 0 114.681 22.703 156.983 64.354l-359.221 364.834zM32 957.046h624v-511.999h-624v511.999zM655.498 957.046c-45.409-0.087-89.713-17.9-122.952-50.76l359.951-364.115c-63.186-62.462-148.152-96.951-235.996-97.124l-1.004 511.999zM532.547 906.286c-33.373-32.993-52.804-78.536-52.706-126.833l512.001 1.039c0.179-90.081-36.024-175.727-99.343-238.322l-359.951 364.115zM479.841 779.453c0.098-48.297 19.713-93.752 53.208-126.602l358.492 365.548c63.565-62.331 100.116-147.83 100.301-237.906l-512.001-1.039zM533.048 652.851c33.362-32.722 77.727-50.356 123.136-50.266l-1.009 511.998c87.844 0.174 172.938-33.981 236.365-96.184l-358.492-365.548zM655.498 602.585c40.279-0.028 79.816 13.956 111.534 40.303l-327.148 393.851c60.939 50.616 137.473 77.901 215.977 77.844l-0.364-511.998zM767.032 642.888c31.811 26.424 53.837 63.759 61.102 105.815l-504.524 87.178c13.678 79.16 55.247 150.164 116.274 200.858l327.148-393.851zM828.283 749.568l-0.323-1.894-504.818 85.453 0.32 1.894 504.82-85.453zM829.164 755.502c-5.325-38.666-18.452-75.709-38.446-108.933l-438.69 264.003c-15.627-25.969-25.914-54.958-30.085-85.268l507.221-69.801zM790.717 646.569c-19.988-33.212-46.377-61.86-77.414-84.408l-300.923 414.233c-24.144-17.536-44.731-39.864-60.352-65.823l438.69-264.003zM713.303 562.161c-31.032-22.54-66.125-38.567-103.158-47.313l-117.681 498.292c-28.702-6.779-55.95-19.21-80.085-36.746l300.923-414.233zM610.145 514.848c-37.028-8.745-75.407-10.075-112.928-3.931l82.745 505.269c-29.066 4.762-58.803 3.732-87.498-3.046l117.681-498.292zM497.218 510.918c-37.522 6.145-73.598 19.672-106.074 39.945l271.129 434.318c-25.242 15.759-53.238 26.245-82.309 31.007l-82.745-505.269zM391.143 550.862c-32.485 20.279-60.778 46.945-83.033 78.601l418.843 294.472c-17.377 24.719-39.434 45.486-64.681 61.245l-271.129-434.318zM308.11 629.463c-22.261 31.662-37.988 67.62-46.058 105.784l500.925 105.928c-6.328 29.901-18.642 58.035-36.024 82.76l-418.843-294.472zM262.052 735.247c-8.071 38.17-8.278 77.578-0.606 115.83l502.002-100.68c6.016 29.978 5.852 60.867-0.471 90.778l-500.925-105.928zM260.039 843.464l0.32 1.889 504.82-85.453-0.323-1.889-504.818 85.453zM260.433 845.788c16.069 93.947 65.297 178.412 137.877 238.838l327.578-393.492c20.255 16.86 34.524 40.919 39.214 68.332l-504.669 86.323zM398.31 1084.626c72.492 60.349 163.718 92.995 257.419 92.974l-0.097-512c25.175-0.005 50.094 8.745 70.257 25.533l-327.578 393.492zM655.57 1177.6c104.791 0.046 206.1-40.827 281.472-114.872l-358.815-365.235c21.253-20.879 49.224-31.903 77.563-31.892l-0.22 512zM937.042 1062.728c75.51-74.184 118.764-175.688 118.958-282.45l-512-0.922c0.056-31.493 12.841-60.851 34.227-81.864l358.815 365.235zM1056 779.817c0-82.447-25.503-159.391-68.557-222.712l-423.398 287.884c-12.462-18.33-20.045-41.078-20.045-65.172h512zM775.747 957.046h88.253v-511.999h-88.253v511.999zM864 957.046c109.061 0 214.436-42.619 292.746-119.726l-359.219-364.833c18.299-18.016 42.281-27.441 66.473-27.441v511.999zM1156.746 837.32c78.444-77.235 123.254-182.84 123.254-293.812h-512c0-27.406 11.095-52.872 29.527-71.021l359.219 364.833zM1280 543.508c0-110.969-44.81-216.577-123.254-293.814l-359.219 364.834c-18.432-18.148-29.527-43.615-29.527-71.020h512zM1156.746 249.694c-78.31-77.105-183.685-119.725-292.746-119.725v512.002c-24.192 0-48.174-9.426-66.473-27.443l359.219-364.834z"
        ],
        "attrs": [
          {},
          {}
        ],
        "isMulticolor": false,
        "isMulticolor2": false,
        "grid": 0,
        "tags": [
          "Vector"
        ],
        "colorPermutations": {
          "162440122872721255197491": [
            {},
            {}
          ]
        }
      },
      "attrs": [
        {},
        {}
      ],
      "properties": {
        "order": 45,
        "id": 2,
        "name": "ac",
        "prevSize": 32
      },
      "setIdx": 0,
      "setId": 6,
      "iconIdx": 23
    },
    {
      "icon": {
        "paths": [
          "M843.515 308.48l0.43-0.426-158.72-158.72-45.23 45.226 90.030 90.026c-40.11 15.36-68.695 53.76-68.695 99.414 0 14.008 2.76 27.878 8.12 40.82s13.215 24.7 23.122 34.605c20.004 20.004 47.135 31.242 75.423 31.242 15.36 0 29.44-3.413 42.67-8.96v307.629c0 11.315-4.495 22.164-12.498 30.167s-18.857 12.498-30.172 12.498c-11.315 0-22.17-4.495-30.167-12.498-8.003-8.003-12.498-18.852-12.498-30.167v-192c0-22.636-8.991-44.339-24.996-60.339-16-16.005-37.709-24.996-60.339-24.996h-42.665v-298.666c0-22.632-8.991-44.337-24.996-60.34-16-16.004-37.709-24.994-60.338-24.994h-256c-22.632 0-44.337 8.99-60.34 24.994s-24.994 37.708-24.994 60.34v682.666h426.668v-320h64v213.335c0 28.288 11.238 55.419 31.242 75.423s47.135 31.242 75.423 31.242c14.008 0 27.878-2.76 40.822-8.12 12.938-5.361 24.699-13.215 34.606-23.122 9.902-9.902 17.761-21.663 23.122-34.606 5.361-12.938 8.12-26.808 8.12-40.817v-405.335c0-29.44-11.95-56.32-31.15-75.52zM511.996 576v234.665h-256v-298.665h256v64zM511.996 426.666h-256v-213.333h256v213.333zM767.995 426.666c-11.315 0-22.17-4.495-30.167-12.496-8.003-8.002-12.498-18.854-12.498-30.17s4.495-22.169 12.498-30.17c7.997-8.002 18.852-12.496 30.167-12.496s22.17 4.495 30.172 12.496c8.003 8.002 12.498 18.854 12.498 30.17s-4.495 22.168-12.498 30.17c-8.003 8.002-18.857 12.496-30.172 12.496z"
        ],
        "attrs": [
          {}
        ],
        "isMulticolor": false,
        "isMulticolor2": false,
        "grid": 0,
        "tags": [
          "Vertical container"
        ],
        "colorPermutations": {
          "162440122872721255197491": [
            {}
          ]
        }
      },
      "attrs": [
        {}
      ],
      "properties": {
        "order": 44,
        "id": 1,
        "name": "petrol",
        "prevSize": 32
      },
      "setIdx": 0,
      "setId": 6,
      "iconIdx": 24
    },
    {
      "icon": {
        "paths": [
          "M768 832h-512c-70.912 0-128-57.088-128-128v-320c0-70.912 57.088-128 128-128h512c70.912 0 128 57.088 128 128v320c0 70.912-57.088 128-128 128z",
          "M384 960h256",
          "M512 256l192-192",
          "M512 256l-192-192"
        ],
        "attrs": [
          {
            "fill": "none",
            "strokeLinejoin": "round",
            "strokeLinecap": "round",
            "strokeMiterlimit": "4",
            "strokeWidth": 57.6
          },
          {
            "fill": "none",
            "strokeLinejoin": "round",
            "strokeLinecap": "round",
            "strokeMiterlimit": "4",
            "strokeWidth": 57.6
          },
          {
            "fill": "none",
            "strokeLinejoin": "round",
            "strokeLinecap": "round",
            "strokeMiterlimit": "4",
            "strokeWidth": 57.6
          },
          {
            "fill": "none",
            "strokeLinejoin": "round",
            "strokeLinecap": "round",
            "strokeMiterlimit": "4",
            "strokeWidth": 57.6
          }
        ],
        "isMulticolor": false,
        "isMulticolor2": false,
        "grid": 0,
        "tags": [
          "Vertical container-1"
        ],
        "colorPermutations": {
          "162440122872721255197491": [
            {
              "s": 0
            },
            {
              "s": 0
            },
            {
              "s": 0
            },
            {
              "s": 0
            }
          ]
        }
      },
      "attrs": [
        {
          "fill": "none",
          "strokeLinejoin": "round",
          "strokeLinecap": "round",
          "strokeMiterlimit": "4",
          "strokeWidth": 57.6
        },
        {
          "fill": "none",
          "strokeLinejoin": "round",
          "strokeLinecap": "round",
          "strokeMiterlimit": "4",
          "strokeWidth": 57.6
        },
        {
          "fill": "none",
          "strokeLinejoin": "round",
          "strokeLinecap": "round",
          "strokeMiterlimit": "4",
          "strokeWidth": 57.6
        },
        {
          "fill": "none",
          "strokeLinejoin": "round",
          "strokeLinecap": "round",
          "strokeMiterlimit": "4",
          "strokeWidth": 57.6
        }
      ],
      "properties": {
        "order": 28,
        "id": 0,
        "name": "tv",
        "prevSize": 32
      },
      "setIdx": 0,
      "setId": 6,
      "iconIdx": 25
    }
  ],
  "height": 1024,
  "preferences": {
    "showGlyphs": true,
    "showQuickUse": true,
    "showQuickUse2": true,
    "showSVGs": true,
    "fontPref": {
      "prefix": "icon-",
      "metadata": {
        "fontFamily": "icomoon"
      },
      "metrics": {
        "emSize": 1024,
        "baseline": 6.25,
        "whitespace": 50
      },
      "embed": false
    },
    "imagePref": {
      "prefix": "icon-",
      "png": true,
      "useClassSelector": true,
      "color": 0,
      "bgColor": 16777215,
      "classSelector": ".icon",
      "name": "icomoon"
    },
    "historySize": 50,
    "showCodes": true,
    "gridSize": 16,
    "showGrid": false
  }
}